[05:08:33] [ServerMain/INFO]: [bootstrap] Running Java 21 (OpenJDK 64-Bit Server VM 21.0.9+10-Ubuntu-122.04; Ubuntu null) on Linux 5.15.0-163-generic (amd64)
[05:08:33] [ServerMain/INFO]: [bootstrap] Loading Paper 1.21.10-117-ver/1.21.10@df4b668 (2025-11-30T22:37:28Z) for Minecraft 1.21.10
[05:08:33] [ServerMain/INFO]: [PluginInitializerManager] Initializing plugins...
[05:08:33] [Paper Plugin Remapper Thread - 1/INFO]: [PluginRemapper] Remapping plugin 'plugins/GUIShop-9.3.0a.jar'...
[05:08:34] [Paper Plugin Remapper Thread - 1/INFO]: [PluginRemapper] Done remapping plugin 'plugins/GUIShop-9.3.0a.jar' in 403ms.
[05:08:34] [ServerMain/INFO]: [PluginInitializerManager] Initialized 38 plugins
[05:08:34] [ServerMain/INFO]: [PluginInitializerManager] Paper plugins (5):
 - Cores (1.0.0), CrazyCrates (1.21.8-fde1b0e), FactionsUUID (4.3.0), FancyHolograms (2.9.0), FancyNpcs (2.9.0)
[05:08:34] [ServerMain/INFO]: [PluginInitializerManager] Bukkit plugins (33):
 - BetterRTP (3.6.13), ClearFog (1.6.9), DecentHolograms (2.9.8), DonutBounty (2.1), DonutOrder (1.12.2-release-6), Essentials (2.22.0-dev+47-faa02b5), EssentialsChat (2.22.0-dev+47-faa02b5), EssentialsSpawn (2.22.0-dev+47-faa02b5), ExploitFixer (3.6.6), FastAsyncWorldEdit (2.14.3-SNAPSHOT-1229+69930e3), FeatherBoard (6.0.7), GSit (3.1.0), GUIShop (9.3.0a), Geyser-Spigot (2.9.2-SNAPSHOT), HamsterAPI (0.3.4), LPX (3.7.7), LuckPerms (5.5.20), PlaceholderAPI (2.11.7), ProtocolLib (5.4.1-SNAPSHOT), SilkSpawners_v2 (2.3.2), Spartan (4.0.6.8), TAB (5.4.0), Tebex (2.2.1), Vault (1.7.3-b131), WorldBorder (2.1.5), WorldGuard (7.0.14+2339-43997ec), fairy-lib-plugin (0.8.2b4-SNAPSHOT), floodgate (2.2.5-SNAPSHOT (b121-55a85ec)), mcMMO (2.2.046-SNAPSHOT), packetevents (2.11.0), voicechat (2.6.6), zAuctionHouseV3 (3.2.4.0), zMenu (1.1.0.6)
[05:08:37] [ServerMain/INFO]: Environment: Environment[sessionHost=https://sessionserver.mojang.com, servicesHost=https://api.minecraftservices.com, profilesHost=https://api.mojang.com, name=PROD]
[05:08:38] [ServerMain/INFO]: Loaded 1461 recipes
[05:08:38] [ServerMain/INFO]: Loaded 1574 advancements
[05:08:38] [ServerMain/INFO]: [ca.spottedleaf.dataconverter.minecraft.datatypes.MCTypeRegistry] Initialising converters for DataConverter...
[05:08:38] [ServerMain/INFO]: [ca.spottedleaf.dataconverter.minecraft.datatypes.MCTypeRegistry] Finished initialising converters for DataConverter in 216.0ms
[05:08:39] [Server thread/INFO]: Starting minecraft server version 1.21.10
[05:08:39] [Server thread/INFO]: Loading properties
[05:08:39] [Server thread/INFO]: This server is running Paper version 1.21.10-117-ver/1.21.10@df4b668 (2025-11-30T22:37:28Z) (Implementing API version 1.21.10-R0.1-SNAPSHOT)
[05:08:39] [Server thread/INFO]: [spark] This server bundles the spark profiler. For more information please visit https://docs.papermc.io/paper/profiling
[05:08:39] [Server thread/INFO]: Server Ping Player Sample Count: 12
[05:08:39] [Server thread/INFO]: Using 4 threads for Netty based IO
[05:08:39] [Server thread/INFO]: [MoonriseCommon] Paper is using 4 worker threads, 1 I/O threads
[05:08:39] [Server thread/INFO]: Default game type: SURVIVAL
[05:08:39] [Server thread/INFO]: Generating keypair
[05:08:39] [Server thread/INFO]: Starting Minecraft server on 51.222.244.145:25565
[05:08:39] [Server thread/INFO]: Using epoll channel type
[05:08:39] [Server thread/INFO]: Paper: Using libdeflate (Linux x86_64) compression from Velocity.
[05:08:39] [Server thread/INFO]: Paper: Using OpenSSL 3.x.x (Linux x86_64) cipher from Velocity.
[05:08:39] [Server thread/INFO]: [SpigotLibraryLoader] [zMenu] Loading 1 libraries... please wait
[05:08:39] [Server thread/INFO]: [SpigotLibraryLoader] [zMenu] Loaded library /home/ubuntu/novacore_pvp/libraries/org/mariadb/jdbc/mariadb-java-client/3.5.6/mariadb-java-client-3.5.6.jar
[05:08:39] [Server thread/INFO]: [SpigotLibraryLoader] [DonutBounty] Loading 15 libraries... please wait
[05:08:40] [Server thread/INFO]: [SpigotLibraryLoader] [DonutBounty] Loaded library /home/ubuntu/novacore_pvp/libraries/org/jetbrains/kotlin/kotlin-stdlib/2.2.10/kotlin-stdlib-2.2.10.jar
[05:08:40] [Server thread/INFO]: [SpigotLibraryLoader] [DonutBounty] Loaded library /home/ubuntu/novacore_pvp/libraries/org/jetbrains/annotations/13.0/annotations-13.0.jar
[05:08:40] [Server thread/INFO]: [SpigotLibraryLoader] [DonutBounty] Loaded library /home/ubuntu/novacore_pvp/libraries/org/jetbrains/kotlin/kotlin-reflect/2.2.10/kotlin-reflect-2.2.10.jar
[05:08:40] [Server thread/INFO]: [SpigotLibraryLoader] [DonutBounty] Loaded library /home/ubuntu/novacore_pvp/libraries/org/jetbrains/kotlinx/kotlinx-coroutines-core-jvm/1.10.2/kotlinx-coroutines-core-jvm-1.10.2.jar
[05:08:40] [Server thread/INFO]: [SpigotLibraryLoader] [DonutBounty] Loaded library /home/ubuntu/novacore_pvp/libraries/org/jetbrains/kotlinx/kotlinx-serialization-json/1.8.0/kotlinx-serialization-json-1.8.0.jar
[05:08:40] [Server thread/INFO]: [SpigotLibraryLoader] [DonutBounty] Loaded library /home/ubuntu/novacore_pvp/libraries/org/jetbrains/kotlinx/kotlinx-serialization-json-jvm/1.8.0/kotlinx-serialization-json-jvm-1.8.0.jar
[05:08:40] [Server thread/INFO]: [SpigotLibraryLoader] [DonutBounty] Loaded library /home/ubuntu/novacore_pvp/libraries/org/jetbrains/kotlinx/kotlinx-serialization-core-jvm/1.8.0/kotlinx-serialization-core-jvm-1.8.0.jar
[05:08:40] [Server thread/INFO]: [SpigotLibraryLoader] [DonutBounty] Loaded library /home/ubuntu/novacore_pvp/libraries/com/cjcrafter/foliascheduler/0.6.3/foliascheduler-0.6.3.jar
[05:08:40] [Server thread/INFO]: [SpigotLibraryLoader] [DonutBounty] Loaded library /home/ubuntu/novacore_pvp/libraries/org/jetbrains/exposed/exposed-core/1.0.0-rc-1/exposed-core-1.0.0-rc-1.jar
[05:08:40] [Server thread/INFO]: [SpigotLibraryLoader] [DonutBounty] Loaded library /home/ubuntu/novacore_pvp/libraries/org/jetbrains/kotlinx/kotlinx-datetime-jvm/0.7.1-0.6.x-compat/kotlinx-datetime-jvm-0.7.1-0.6.x-compat.jar
[05:08:40] [Server thread/INFO]: [SpigotLibraryLoader] [DonutBounty] Loaded library /home/ubuntu/novacore_pvp/libraries/org/slf4j/slf4j-api/2.0.9/slf4j-api-2.0.9.jar
[05:08:40] [Server thread/INFO]: [SpigotLibraryLoader] [DonutBounty] Loaded library /home/ubuntu/novacore_pvp/libraries/org/jetbrains/exposed/exposed-dao/1.0.0-rc-1/exposed-dao-1.0.0-rc-1.jar
[05:08:40] [Server thread/INFO]: [SpigotLibraryLoader] [DonutBounty] Loaded library /home/ubuntu/novacore_pvp/libraries/org/jetbrains/exposed/exposed-jdbc/1.0.0-rc-1/exposed-jdbc-1.0.0-rc-1.jar
[05:08:40] [Server thread/INFO]: [SpigotLibraryLoader] [DonutBounty] Loaded library /home/ubuntu/novacore_pvp/libraries/org/xerial/sqlite-jdbc/3.45.3.0/sqlite-jdbc-3.45.3.0.jar
[05:08:40] [Server thread/INFO]: [SpigotLibraryLoader] [DonutBounty] Loaded library /home/ubuntu/novacore_pvp/libraries/com/mysql/mysql-connector-j/8.3.0/mysql-connector-j-8.3.0.jar
[05:08:40] [Server thread/INFO]: [SpigotLibraryLoader] [DonutBounty] Loaded library /home/ubuntu/novacore_pvp/libraries/com/google/protobuf/protobuf-java/3.25.1/protobuf-java-3.25.1.jar
[05:08:40] [Server thread/INFO]: [SpigotLibraryLoader] [DonutBounty] Loaded library /home/ubuntu/novacore_pvp/libraries/org/mongodb/mongodb-driver-sync/4.7.0/mongodb-driver-sync-4.7.0.jar
[05:08:40] [Server thread/INFO]: [SpigotLibraryLoader] [DonutBounty] Loaded library /home/ubuntu/novacore_pvp/libraries/org/mongodb/bson/4.7.0/bson-4.7.0.jar
[05:08:40] [Server thread/INFO]: [SpigotLibraryLoader] [DonutBounty] Loaded library /home/ubuntu/novacore_pvp/libraries/org/mongodb/mongodb-driver-core/4.7.0/mongodb-driver-core-4.7.0.jar
[05:08:40] [Server thread/INFO]: [SpigotLibraryLoader] [DonutBounty] Loaded library /home/ubuntu/novacore_pvp/libraries/org/mongodb/bson-record-codec/4.7.0/bson-record-codec-4.7.0.jar
[05:08:40] [Server thread/INFO]: [SpigotLibraryLoader] [DonutBounty] Loaded library /home/ubuntu/novacore_pvp/libraries/io/github/revxrsal/lamp.common/4.0.0-rc.12/lamp.common-4.0.0-rc.12.jar
[05:08:40] [Server thread/INFO]: [SpigotLibraryLoader] [DonutBounty] Loaded library /home/ubuntu/novacore_pvp/libraries/io/github/revxrsal/lamp.bukkit/4.0.0-rc.12/lamp.bukkit-4.0.0-rc.12.jar
[05:08:40] [Server thread/INFO]: [SpigotLibraryLoader] [DonutBounty] Loaded library /home/ubuntu/novacore_pvp/libraries/io/github/revxrsal/lamp.brigadier/4.0.0-rc.12/lamp.brigadier-4.0.0-rc.12.jar
[05:08:40] [Server thread/INFO]: [SpigotLibraryLoader] [DonutBounty] Loaded library /home/ubuntu/novacore_pvp/libraries/org/apache/httpcomponents/httpclient/4.5.13/httpclient-4.5.13.jar
[05:08:40] [Server thread/INFO]: [SpigotLibraryLoader] [DonutBounty] Loaded library /home/ubuntu/novacore_pvp/libraries/org/apache/httpcomponents/httpcore/4.4.13/httpcore-4.4.13.jar
[05:08:40] [Server thread/INFO]: [SpigotLibraryLoader] [DonutBounty] Loaded library /home/ubuntu/novacore_pvp/libraries/commons-logging/commons-logging/1.2/commons-logging-1.2.jar
[05:08:40] [Server thread/INFO]: [SpigotLibraryLoader] [DonutBounty] Loaded library /home/ubuntu/novacore_pvp/libraries/commons-codec/commons-codec/1.11/commons-codec-1.11.jar
[05:08:40] [Server thread/INFO]: [SpigotLibraryLoader] [DonutBounty] Loaded library /home/ubuntu/novacore_pvp/libraries/org/json/json/20231013/json-20231013.jar
[05:08:40] [Server thread/INFO]: [SpigotLibraryLoader] [DonutOrder] Loading 3 libraries... please wait
[05:08:40] [Server thread/INFO]: [SpigotLibraryLoader] [DonutOrder] Loaded library /home/ubuntu/novacore_pvp/libraries/com/zaxxer/HikariCP/5.0.1/HikariCP-5.0.1.jar
[05:08:40] [Server thread/INFO]: [SpigotLibraryLoader] [DonutOrder] Loaded library /home/ubuntu/novacore_pvp/libraries/org/slf4j/slf4j-api/2.0.0-alpha1/slf4j-api-2.0.0-alpha1.jar
[05:08:40] [Server thread/INFO]: [SpigotLibraryLoader] [DonutOrder] Loaded library /home/ubuntu/novacore_pvp/libraries/com/github/luben/zstd-jni/1.5.7-3/zstd-jni-1.5.7-3.jar
[05:08:40] [Server thread/INFO]: [SpigotLibraryLoader] [DonutOrder] Loaded library /home/ubuntu/novacore_pvp/libraries/redis/clients/jedis/5.2.0/jedis-5.2.0.jar
[05:08:40] [Server thread/INFO]: [SpigotLibraryLoader] [DonutOrder] Loaded library /home/ubuntu/novacore_pvp/libraries/org/apache/commons/commons-pool2/2.12.0/commons-pool2-2.12.0.jar
[05:08:40] [Server thread/INFO]: [SpigotLibraryLoader] [DonutOrder] Loaded library /home/ubuntu/novacore_pvp/libraries/org/json/json/20240303/json-20240303.jar
[05:08:40] [Server thread/INFO]: [SpigotLibraryLoader] [DonutOrder] Loaded library /home/ubuntu/novacore_pvp/libraries/com/google/code/gson/gson/2.11.0/gson-2.11.0.jar
[05:08:40] [Server thread/INFO]: [SpigotLibraryLoader] [DonutOrder] Loaded library /home/ubuntu/novacore_pvp/libraries/com/google/errorprone/error_prone_annotations/2.27.0/error_prone_annotations-2.27.0.jar
[05:08:40] [Server thread/INFO]: [SpigotLibraryLoader] [FeatherBoard] Loading 19 libraries... please wait
[05:08:40] [Server thread/INFO]: [SpigotLibraryLoader] [FeatherBoard] Loaded library /home/ubuntu/novacore_pvp/libraries/org/ow2/asm/asm/9.1/asm-9.1.jar
[05:08:40] [Server thread/INFO]: [SpigotLibraryLoader] [FeatherBoard] Loaded library /home/ubuntu/novacore_pvp/libraries/org/ow2/asm/asm-commons/9.1/asm-commons-9.1.jar
[05:08:40] [Server thread/INFO]: [SpigotLibraryLoader] [FeatherBoard] Loaded library /home/ubuntu/novacore_pvp/libraries/org/ow2/asm/asm-tree/9.1/asm-tree-9.1.jar
[05:08:40] [Server thread/INFO]: [SpigotLibraryLoader] [FeatherBoard] Loaded library /home/ubuntu/novacore_pvp/libraries/org/ow2/asm/asm-analysis/9.1/asm-analysis-9.1.jar
[05:08:40] [Server thread/INFO]: [SpigotLibraryLoader] [FeatherBoard] Loaded library /home/ubuntu/novacore_pvp/libraries/org/ow2/asm/asm-util/9.1/asm-util-9.1.jar
[05:08:40] [Server thread/INFO]: [SpigotLibraryLoader] [FeatherBoard] Loaded library /home/ubuntu/novacore_pvp/libraries/org/openjdk/nashorn/nashorn-core/15.3/nashorn-core-15.3.jar
[05:08:40] [Server thread/INFO]: [SpigotLibraryLoader] [FeatherBoard] Loaded library /home/ubuntu/novacore_pvp/libraries/org/eclipse/persistence/javax.persistence/2.1.0/javax.persistence-2.1.0.jar
[05:08:40] [Server thread/INFO]: [SpigotLibraryLoader] [FeatherBoard] Loaded library /home/ubuntu/novacore_pvp/libraries/com/j256/ormlite/ormlite-core/5.0/ormlite-core-5.0.jar
[05:08:40] [Server thread/INFO]: [SpigotLibraryLoader] [FeatherBoard] Loaded library /home/ubuntu/novacore_pvp/libraries/com/j256/ormlite/ormlite-jdbc/5.0/ormlite-jdbc-5.0.jar
[05:08:40] [Server thread/INFO]: [SpigotLibraryLoader] [FeatherBoard] Loaded library /home/ubuntu/novacore_pvp/libraries/org/slf4j/slf4j-api/1.7.9/slf4j-api-1.7.9.jar
[05:08:40] [Server thread/INFO]: [SpigotLibraryLoader] [FeatherBoard] Loaded library /home/ubuntu/novacore_pvp/libraries/org/slf4j/slf4j-simple/1.7.9/slf4j-simple-1.7.9.jar
[05:08:40] [Server thread/INFO]: [SpigotLibraryLoader] [FeatherBoard] Loaded library /home/ubuntu/novacore_pvp/libraries/commons-io/commons-io/2.13.0/commons-io-2.13.0.jar
[05:08:40] [Server thread/INFO]: [SpigotLibraryLoader] [FeatherBoard] Loaded library /home/ubuntu/novacore_pvp/libraries/org/java-websocket/Java-WebSocket/1.6.0/Java-WebSocket-1.6.0.jar
[05:08:40] [Server thread/INFO]: [SpigotLibraryLoader] [FeatherBoard] Loaded library /home/ubuntu/novacore_pvp/libraries/org/apache/httpcomponents/httpcore/4.4.13/httpcore-4.4.13.jar
[05:08:40] [Server thread/INFO]: [SpigotLibraryLoader] [FeatherBoard] Loaded library /home/ubuntu/novacore_pvp/libraries/org/apache/httpcomponents/httpclient/4.5.13/httpclient-4.5.13.jar
[05:08:40] [Server thread/INFO]: [SpigotLibraryLoader] [FeatherBoard] Loaded library /home/ubuntu/novacore_pvp/libraries/commons-codec/commons-codec/1.11/commons-codec-1.11.jar
[05:08:40] [Server thread/INFO]: [SpigotLibraryLoader] [FeatherBoard] Loaded library /home/ubuntu/novacore_pvp/libraries/org/apache/httpcomponents/httpmime/4.5.13/httpmime-4.5.13.jar
[05:08:40] [Server thread/INFO]: [SpigotLibraryLoader] [FeatherBoard] Loaded library /home/ubuntu/novacore_pvp/libraries/org/bouncycastle/bcprov-jdk15on/1.64/bcprov-jdk15on-1.64.jar
[05:08:40] [Server thread/INFO]: [SpigotLibraryLoader] [FeatherBoard] Loaded library /home/ubuntu/novacore_pvp/libraries/net/i2p/crypto/eddsa/0.3.0/eddsa-0.3.0.jar
[05:08:40] [Server thread/INFO]: [SpigotLibraryLoader] [FeatherBoard] Loaded library /home/ubuntu/novacore_pvp/libraries/com/hierynomus/sshj/0.27.0/sshj-0.27.0.jar
[05:08:40] [Server thread/INFO]: [SpigotLibraryLoader] [FeatherBoard] Loaded library /home/ubuntu/novacore_pvp/libraries/org/bouncycastle/bcpkix-jdk15on/1.60/bcpkix-jdk15on-1.60.jar
[05:08:40] [Server thread/INFO]: [SpigotLibraryLoader] [FeatherBoard] Loaded library /home/ubuntu/novacore_pvp/libraries/com/jcraft/jzlib/1.1.3/jzlib-1.1.3.jar
[05:08:40] [Server thread/INFO]: [SpigotLibraryLoader] [FeatherBoard] Loaded library /home/ubuntu/novacore_pvp/libraries/commons-logging/commons-logging/1.2/commons-logging-1.2.jar
[05:08:40] [Server thread/INFO]: [SpigotLibraryLoader] [FeatherBoard] Loaded library /home/ubuntu/novacore_pvp/libraries/io/sentry/sentry/7.19.1/sentry-7.19.1.jar
[05:08:40] [Server thread/INFO]: [SpigotLibraryLoader] [zAuctionHouseV3] Loading 1 libraries... please wait
[05:08:40] [Server thread/INFO]: [SpigotLibraryLoader] [zAuctionHouseV3] Loaded library /home/ubuntu/novacore_pvp/libraries/org/mariadb/jdbc/mariadb-java-client/3.5.6/mariadb-java-client-3.5.6.jar
[05:08:40] [Server thread/INFO]: [FactionsUUID] Loading server plugin FactionsUUID v4.3.0
[05:08:40] [Server thread/INFO]: [FactionsUUID] Registered flag 'fuuid-claim' with WorldGuard.
[05:08:40] [Server thread/INFO]: [FactionsUUID] Registered flag 'fuuid-pvp' with WorldGuard.
[05:08:40] [Server thread/INFO]: [FactionsUUID] Registered flag 'fuuid-noloss' with WorldGuard.
[05:08:40] [Server thread/INFO]: [LuckPerms] Loading server plugin LuckPerms v5.5.20
[05:08:40] [Server thread/INFO]: [LuckPerms] Loading configuration...
[05:08:40] [Server thread/INFO]: [Vault] Loading server plugin Vault v1.7.3-b131
[05:08:40] [Server thread/INFO]: [FastAsyncWorldEdit] Loading server plugin FastAsyncWorldEdit v2.14.3-SNAPSHOT-1229+69930e3
[05:08:41] [Server thread/INFO]: Got request to register class com.sk89q.worldedit.bukkit.BukkitServerInterface with WorldEdit [com.sk89q.worldedit.extension.platform.PlatformManager@4adf41de]
[05:08:41] [Server thread/INFO]: [floodgate] Loading server plugin floodgate v2.2.5-SNAPSHOT (b121-55a85ec)
[05:08:41] [Server thread/WARN]: [floodgate] en_ is not a supported Floodgate language.
[05:08:41] [Server thread/INFO]: [floodgate] Took 309ms to boot Floodgate
[05:08:41] [Server thread/INFO]: [PlaceholderAPI] Loading server plugin PlaceholderAPI v2.11.7
[05:08:41] [Server thread/INFO]: [Geyser-Spigot] Loading server plugin Geyser-Spigot v2.9.2-SNAPSHOT
[05:08:41] [Server thread/INFO]: [Geyser-Spigot] Loading extensions...
[05:08:41] [Server thread/INFO]: [Geyser-Spigot] Loaded 0 extension(s)
[05:08:41] [Server thread/INFO]: [ProtocolLib] Loading server plugin ProtocolLib v5.4.1-SNAPSHOT
[05:08:41] [Server thread/WARN]: [ProtocolLib] Version (MC: 1.21.10) has not yet been tested! Proceed with caution.
[05:08:42] [Server thread/INFO]: [FancyNpcs] Loading server plugin FancyNpcs v2.9.0
[05:08:42] [Server thread/INFO]: [WorldGuard] Loading server plugin WorldGuard v7.0.14+2339-43997ec
[05:08:42] [Server thread/INFO]: [packetevents] Loading server plugin packetevents v2.11.0
[05:08:42] [Server thread/INFO]: [HamsterAPI] Loading server plugin HamsterAPI v0.3.4
[05:08:42] [Server thread/INFO]: [DecentHolograms] Loading server plugin DecentHolograms v2.9.8
[05:08:42] [Server thread/INFO]: [FancyHolograms] Loading server plugin FancyHolograms v2.9.0
[05:08:42] [Server thread/INFO]: [Essentials] Loading server plugin Essentials v2.22.0-dev+47-faa02b5
[05:08:42] [FancyLogger/INFO]: [FancyHolograms] (Server thread) INFO: Successfully loaded FancyHolograms version 2.9.0
[05:08:42] [Server thread/INFO]: [mcMMO] Loading server plugin mcMMO v2.2.046-SNAPSHOT
[05:08:42] [Server thread/INFO]: [mcMMO] [D] Registered WG flags successfully!
[05:08:42] [Server thread/INFO]: [zMenu] Loading server plugin zMenu v1.1.0.6
[05:08:42] [Server thread/INFO]: [GSit] Loading server plugin GSit v3.1.0
[05:08:42] [Server thread/INFO]: [DonutBounty] Loading server plugin DonutBounty v2.1
[05:08:42] [Server thread/INFO]: [ExploitFixer] Loading server plugin ExploitFixer v3.6.6
[05:08:42] [Server thread/INFO]: [WorldBorder] Loading server plugin WorldBorder v2.1.5
[05:08:42] [Server thread/INFO]: [CrazyCrates] Loading server plugin CrazyCrates v1.21.8-fde1b0e
[05:08:42] [Server thread/INFO]: [DonutOrder] Loading server plugin DonutOrder v1.12.2-release-6
[05:08:42] [Server thread/INFO]: [GUIShop] Loading server plugin GUIShop v9.3.0a
[05:08:42] [Server thread/INFO]: [ClearFog] Loading server plugin ClearFog v1.6.9
[05:08:42] [Server thread/INFO]: [voicechat] Loading server plugin voicechat v2.6.6
[05:08:42] [Server thread/INFO]: [FeatherBoard] Loading server plugin FeatherBoard v6.0.7
[05:08:42] [Server thread/INFO]: [fairy-lib-plugin] Loading server plugin fairy-lib-plugin v0.8.2b4-SNAPSHOT
[05:08:43] [Server thread/INFO]: Loaded PacketEvents with version 2.10.1 on minecraft version V_1_21_10
[05:08:43] [Server thread/INFO]: [EssentialsChat] Loading server plugin EssentialsChat v2.22.0-dev+47-faa02b5
[05:08:43] [Server thread/INFO]: [Spartan] Loading server plugin Spartan v4.0.6.8
[05:08:43] [Server thread/INFO]: [SilkSpawners_v2] Loading server plugin SilkSpawners_v2 v2.3.2
[05:08:43] [Server thread/INFO]: [Tebex] Loading server plugin Tebex v2.2.1
[05:08:43] [Server thread/INFO]: [LPX] Loading server plugin LPX v3.7.7
[05:08:43] [Server thread/INFO]: [Cores] Loading server plugin Cores v1.0.0
[05:08:43] [Server thread/INFO]: [TAB] Loading server plugin TAB v5.4.0
[05:08:43] [Server thread/INFO]: [zAuctionHouseV3] Loading server plugin zAuctionHouseV3 v3.2.4.0
[05:08:43] [Server thread/INFO]: [BetterRTP] Loading server plugin BetterRTP v3.6.13
[05:08:43] [Server thread/INFO]: [EssentialsSpawn] Loading server plugin EssentialsSpawn v2.22.0-dev+47-faa02b5
[05:08:43] [Server thread/INFO]: Server permissions file permissions.yml is empty, ignoring it
[05:08:43] [Server thread/INFO]: [LuckPerms] Enabling LuckPerms v5.5.20
[05:08:43] [Server thread/INFO]:         __    
[05:08:43] [Server thread/INFO]:   |    |__)   LuckPerms v5.5.20
[05:08:43] [Server thread/INFO]:   |___ |      Running on Bukkit - Paper
[05:08:43] [Server thread/INFO]: 
[05:08:43] [Server thread/INFO]: [LuckPerms] Loading storage provider... [H2]
[05:08:44] [Server thread/INFO]: [LuckPerms] Loading internal permission managers...
[05:08:44] [Server thread/INFO]: [LuckPerms] Performing initial data load...
[05:08:44] [Server thread/INFO]: [LuckPerms] Successfully enabled. (took 921ms)
[05:08:44] [Server thread/INFO]: [Vault] Enabling Vault v1.7.3-b131
[05:08:44] [Server thread/INFO]: [Vault] [Economy] Essentials Economy found: Waiting
[05:08:44] [Server thread/INFO]: [Vault] [Permission] SuperPermissions loaded as backup permission system.
[05:08:44] [Server thread/INFO]: [Vault] Enabled Version 1.7.3-b131
[05:08:44] [Server thread/INFO]: [LuckPerms] Registered Vault permission & chat hook.
[05:08:44] [Server thread/INFO]: [FastAsyncWorldEdit] Enabling FastAsyncWorldEdit v2.14.3-SNAPSHOT-1229+69930e3
[05:08:44] [Server thread/INFO]: [com.fastasyncworldedit.core.Fawe] LZ4 Compression Binding loaded successfully
[05:08:44] [Server thread/INFO]: [com.fastasyncworldedit.core.Fawe] ZSTD Compression Binding loaded successfully
[05:08:44] [Server thread/INFO]: Registering commands with com.sk89q.worldedit.bukkit.BukkitServerInterface
[05:08:44] [Server thread/INFO]: WEPIF: Vault detected! Using Vault for permissions
[05:08:44] [Server thread/INFO]: Using com.sk89q.worldedit.bukkit.adapter.impl.fawe.v1_21_9.PaperweightFaweAdapter as the Bukkit adapter
[05:08:45] [Server thread/INFO]: [ProtocolLib] Enabling ProtocolLib v5.4.1-SNAPSHOT
[05:08:45] [Server thread/INFO]: Preparing level "map"
[05:08:45] [Server thread/INFO]: Loading 0 persistent chunks for world 'minecraft:overworld'...
[05:08:45] [Server thread/INFO]: Preparing spawn area: 100%
[05:08:45] [Server thread/INFO]: Prepared spawn area in 1 ms
[05:08:45] [Server thread/INFO]: Loading 0 persistent chunks for world 'minecraft:the_nether'...
[05:08:45] [Server thread/INFO]: Prepared spawn area in 0 ms
[05:08:45] [Server thread/INFO]: Loading 0 persistent chunks for world 'minecraft:the_end'...
[05:08:45] [Server thread/INFO]: Prepared spawn area in 0 ms
[05:08:45] [Server thread/INFO]: Done preparing level "map" (0.278s)
[05:08:45] [Server thread/INFO]: [FactionsUUID] Enabling FactionsUUID v4.3.0
[05:08:45] [Server thread/INFO]: [FactionsUUID] === Starting up! ===
[05:08:45] [Server thread/INFO]: [FactionsUUID] 
[05:08:45] [Server thread/INFO]: [FactionsUUID] Factions UUID!
[05:08:45] [Server thread/INFO]: [FactionsUUID] Version 4.3.0
[05:08:45] [Server thread/INFO]: [FactionsUUID] Loading as a fully-featured Paper plugin
[05:08:45] [Server thread/INFO]: [FactionsUUID] 
[05:08:45] [Server thread/INFO]: [FactionsUUID] Need support? https://factions.support/help/
[05:08:45] [Server thread/INFO]: [FactionsUUID] 
[05:08:45] [Server thread/INFO]: [FactionsUUID] Server UUID c2a7624e-6f76-4fac-afac-012c3ade68b1
[05:08:45] [ForkJoinPool.commonPool-worker-1/WARN]: [com.fastasyncworldedit.core.util.UpdateNotification] An update for FastAsyncWorldEdit is available. You are 5 build(s) out of date.
You are running build 1229, the latest version is build 1234.
Update at https://ci.athion.net/job/FastAsyncWorldEdit
[05:08:45] [Server thread/INFO]: [FactionsUUID] Loaded 2 players in 4 factions with 9 claims
[05:08:45] [Server thread/INFO]: [FactionsUUID] Using DUST as the ParticleEffect for /f sc
[05:08:46] [Server thread/INFO]: [FactionsUUID] === Initial start took 776ms! ===
[05:08:46] [Server thread/INFO]: [floodgate] Enabling floodgate v2.2.5-SNAPSHOT (b121-55a85ec)
[05:08:46] [Server thread/INFO]: [PlaceholderAPI] Enabling PlaceholderAPI v2.11.7
[05:08:46] [Server thread/INFO]: [PlaceholderAPI] Fetching available expansion information...
[05:08:46] [Server thread/INFO]: [Geyser-Spigot] Enabling Geyser-Spigot v2.9.2-SNAPSHOT
[05:08:46] [Server thread/INFO]: [FancyNpcs] Enabling FancyNpcs v2.9.0
[05:08:46] [Server thread/WARN]: [org.mineskin.MineSkinClient] Creating MineSkinClient without API key
[05:08:47] [FancyLogger/INFO]: [FancyNpcs] (Server thread) INFO: FancyNpcs (2.9.0) has been enabled.
[05:08:47] [Server thread/INFO]: [WorldGuard] Enabling WorldGuard v7.0.14+2339-43997ec
[05:08:47] [Server thread/INFO]: [WorldGuard] (map) TNT ignition is PERMITTED.
[05:08:47] [Server thread/INFO]: [WorldGuard] (map) Lighters are PERMITTED.
[05:08:47] [Server thread/INFO]: [WorldGuard] (map) Lava fire is PERMITTED.
[05:08:47] [Server thread/INFO]: [WorldGuard] (map) Fire spread is UNRESTRICTED.
[05:08:47] [Server thread/INFO]: [WorldGuard] Loaded configuration for world 'map'
[05:08:47] [Server thread/INFO]: [WorldGuard] (map_nether) TNT ignition is PERMITTED.
[05:08:47] [Server thread/INFO]: [WorldGuard] (map_nether) Lighters are PERMITTED.
[05:08:47] [Server thread/INFO]: [WorldGuard] (map_nether) Lava fire is PERMITTED.
[05:08:47] [Server thread/INFO]: [WorldGuard] (map_nether) Fire spread is UNRESTRICTED.
[05:08:47] [Server thread/INFO]: [WorldGuard] Loaded configuration for world 'map_nether'
[05:08:47] [Server thread/INFO]: [WorldGuard] (map_the_end) TNT ignition is PERMITTED.
[05:08:47] [Server thread/INFO]: [WorldGuard] (map_the_end) Lighters are PERMITTED.
[05:08:47] [Server thread/INFO]: [WorldGuard] (map_the_end) Lava fire is PERMITTED.
[05:08:47] [Server thread/INFO]: [WorldGuard] (map_the_end) Fire spread is UNRESTRICTED.
[05:08:47] [Server thread/INFO]: [WorldGuard] Loaded configuration for world 'map_the_end'
[05:08:47] [Server thread/INFO]: [WorldGuard] Loading region data...
[05:08:47] [Server thread/INFO]: [packetevents] Enabling packetevents v2.11.0
[05:08:47] [packetevents-update-check-thread/INFO]: [packetevents] Checking for updates, please wait...
[05:08:47] [Server thread/INFO]: [HamsterAPI] Enabling HamsterAPI v0.3.4
[05:08:47] [Server thread/INFO]: [DecentHolograms] Enabling DecentHolograms v2.9.8
[05:08:47] [Server thread/INFO]: [DecentHolograms] Initialized NMS adapter for paper_v1_21_R6 (1.21.10).
[05:08:47] [Server thread/INFO]: [NBTAPI] [NBTAPI] Found Minecraft: 1.21.10! Trying to find NMS support
[05:08:47] [Server thread/INFO]: [NBTAPI] [NBTAPI] NMS support 'MC1_21_R6' loaded!
[05:08:47] [Server thread/INFO]: [NBTAPI] [NBTAPI] Using the plugin 'DecentHolograms' to create a bStats instance!
[05:08:47] [Server thread/INFO]: [DecentHolograms] NBT-API loaded successfully.
[05:08:47] [Server thread/INFO]: [FancyHolograms] Enabling FancyHolograms v2.9.0
[05:08:47] [packetevents-update-check-thread/INFO]: [packetevents] You are running the latest release of PacketEvents. Your build: (2.11.0)
[05:08:47] [FancyLogger/INFO]: [FancyHolograms] (Server thread) INFO: Successfully enabled FancyHolograms version 2.9.0
[05:08:47] [Server thread/INFO]: [Essentials] Enabling Essentials v2.22.0-dev+47-faa02b5
[05:08:47] [Server thread/INFO]: [Essentials] Attempting to convert old kits in config.yml to new kits.yml
[05:08:47] [Server thread/INFO]: [Essentials] No kits found to migrate.
[05:08:47] [Server thread/INFO]: [Essentials] Selected 1.14.4+ Persistent Data Container Provider as the provider for PersistentDataProvider
[05:08:47] [Server thread/INFO]: [Essentials] Selected 1.11+ Item Unbreakable Provider as the provider for ItemUnbreakableProvider
[05:08:47] [Server thread/INFO]: [Essentials] Selected 1.13+ Spawn Egg Provider as the provider for SpawnEggProvider
[05:08:47] [Server thread/INFO]: [Essentials] Selected 1.8.3+ Spawner Item Provider as the provider for SpawnerItemProvider
[05:08:47] [Server thread/INFO]: [Essentials] Selected Paper Tick Count Provider as the provider for TickCountProvider
[05:08:47] [Server thread/INFO]: [Essentials] Selected Reflection Online Mode Provider as the provider for OnlineModeProvider
[05:08:47] [Server thread/INFO]: [Essentials] Selected 1.12+ Spawner Block Provider as the provider for SpawnerBlockProvider
[05:08:47] [Server thread/INFO]: [Essentials] Selected 1.14+ Sign Data Provider as the provider for SignDataProvider
[05:08:47] [Server thread/INFO]: [Essentials] Selected Paper Material Tag Provider as the provider for MaterialTagProvider
[05:08:47] [Server thread/INFO]: [Essentials] Selected Paper Container Provider as the provider for ContainerProvider
[05:08:47] [Server thread/INFO]: [Essentials] Selected Legacy Biome Name Provider as the provider for BiomeNameProvider
[05:08:47] [Server thread/INFO]: [Essentials] Selected Reflection Formatted Command Alias Provider as the provider for FormattedCommandAliasProvider
[05:08:47] [Server thread/INFO]: [Essentials] Selected 1.20.5+ Banner Data Provider as the provider for BannerDataProvider
[05:08:47] [Server thread/INFO]: [Essentials] Selected 1.20.4+ Damage Event Provider as the provider for DamageEventProvider
[05:08:47] [Server thread/INFO]: [Essentials] Selected Paper Serialization Provider as the provider for SerializationProvider
[05:08:47] [Server thread/INFO]: [Essentials] Selected Paper Known Commands Provider as the provider for KnownCommandsProvider
[05:08:47] [Server thread/INFO]: [Essentials] Selected 1.21+ InventoryView Interface ABI Provider as the provider for InventoryViewProvider
[05:08:47] [Server thread/INFO]: [Essentials] Selected 1.12.2+ Player Locale Provider as the provider for PlayerLocaleProvider
[05:08:47] [Server thread/INFO]: [Essentials] Selected 1.17.1+ World Info Provider as the provider for WorldInfoProvider
[05:08:47] [Server thread/INFO]: [Essentials] Selected 1.21.4+ Sync Commands Provider as the provider for SyncCommandsProvider
[05:08:47] [Server thread/INFO]: [Essentials] Selected Paper Server State Provider as the provider for ServerStateProvider
[05:08:47] [Server thread/INFO]: [Essentials] Selected Paper Biome Key Provider as the provider for BiomeKeyProvider
[05:08:47] [Server thread/INFO]: [Essentials] Selected 1.20.6+ Potion Meta Provider as the provider for PotionMetaProvider
[05:08:47] [Server thread/INFO]: [Essentials] Loaded 45989 items from items.json.
[05:08:47] [Server thread/INFO]: [Essentials] Using locale en
[05:08:47] [Server thread/INFO]: [Essentials] ServerListPingEvent: Spigot iterator API
[05:08:47] [Server thread/INFO]: [Essentials] Starting Metrics. Opt-out using the global bStats config.
[05:08:47] [Server thread/INFO]: [Vault] [Economy] Essentials Economy hooked.
[05:08:47] [Server thread/INFO]: [Essentials] Using Vault based permissions (LuckPerms)
[05:08:47] [Server thread/INFO]: [mcMMO] Enabling mcMMO v2.2.046-SNAPSHOT
[05:08:48] [Server thread/INFO]: [mcMMO] Loaded 232 of 232 Alchemy potions.
[05:08:48] [Server thread/INFO]: [PlaceholderAPI] Successfully registered internal expansion: mcmmo [1.0,0]
[05:08:48] [Server thread/INFO]: [zMenu] Enabling zMenu v1.1.0.6
[05:08:48] [Server thread/INFO]: [zMenu v1.1.0.6] === ENABLE START ===
[05:08:48] [Server thread/INFO]: [zMenu v1.1.0.6] Plugin Version V1.1.0.6
[05:08:48] [Server thread/INFO]: [PlaceholderAPI] Successfully registered internal expansion: zmenu [1.1.0.6]
[05:08:48] [Server thread/INFO]: [zMenu] The database connection is valid ! (SQLITE)
[05:08:48] [Server thread/INFO]: [zMenu] Use ComponentMeta
[05:08:48] [Server thread/INFO]: [zMenu v1.1.0.6] Paper server detected, loading Dialogs support
[05:08:48] [Server thread/INFO]: [zMenu v1.1.0.6] zMenu Config
[05:08:48] [Server thread/INFO]: [zMenu v1.1.0.6] plugins/zMenu/patterns/pattern_example.yml loaded successfully !
[05:08:48] [Server thread/INFO]: [zMenu v1.1.0.6] plugins/zMenu/inventories/advanced_inventory.yml loaded successfully !
[05:08:48] [Server thread/INFO]: [zMenu v1.1.0.6] plugins/zMenu/inventories/basic_inventory.yml loaded successfully !
[05:08:48] [Server thread/INFO]: [zMenu v1.1.0.6] plugins/zMenu/inventories/examples/switch.yml loaded successfully !
[05:08:48] [Server thread/INFO]: [zMenu v1.1.0.6] plugins/zMenu/inventories/examples/cookies.yml loaded successfully !
[05:08:48] [Server thread/INFO]: [zMenu v1.1.0.6] plugins/zMenu/inventories/examples/playtimes.yml loaded successfully !
[05:08:48] [Server thread/INFO]: [zMenu v1.1.0.6] plugins/zMenu/inventories/example_punish.yml loaded successfully !
[05:08:48] [Server thread/INFO]: [zMenu v1.1.0.6] plugins/zMenu/inventories/pro_inventory.yml loaded successfully !
[05:08:48] [Server thread/INFO]: [zMenu v1.1.0.6] plugins/zMenu/website/inventories.yml loaded successfully !
[05:08:48] [Server thread/INFO]: [zMenu v1.1.0.6] plugins/zMenu/dialogs/server_link-dialog.yml loaded successfully!
[05:08:48] [Server thread/INFO]: [zMenu v1.1.0.6] plugins/zMenu/dialogs/multi_action-dialog.yml loaded successfully!
[05:08:48] [Server thread/INFO]: [zMenu v1.1.0.6] plugins/zMenu/dialogs/default-dialog.yml loaded successfully!
[05:08:48] [Server thread/INFO]: [zMenu v1.1.0.6] plugins/zMenu/dialogs/confirmation-dialog.yml loaded successfully!
[05:08:48] [Server thread/INFO]: [zMenu v1.1.0.6] Command /basic_command successfully register.
[05:08:48] [Server thread/INFO]: [zMenu v1.1.0.6] Command /advanced_command successfully register.
[05:08:48] [Server thread/INFO]: [zMenu v1.1.0.6] Command /pro_command successfully register.
[05:08:48] [Server thread/INFO]: [zMenu v1.1.0.6] Command /openbook successfully register.
[05:08:48] [Server thread/INFO]: [zMenu v1.1.0.6] Command /punish successfully register.
[05:08:48] [Server thread/INFO]: [zMenu v1.1.0.6] 
[05:08:48] [Server thread/INFO]: [zMenu v1.1.0.6] You can support zMenu by upgrading your account here: https://minecraft-inventory-builder.com/account-upgrade
[05:08:48] [Server thread/INFO]: [zMenu v1.1.0.6] zMenu’s site includes an inventory editor (under development), a marketplace (already available) is a forum (under development)
[05:08:48] [Server thread/INFO]: [zMenu v1.1.0.6] 
[05:08:48] [Server thread/INFO]: [zMenu v1.1.0.6] Loading 6 commands
[05:08:48] [Server thread/INFO]: [zMenu v1.1.0.6] === ENABLE DONE (245ms) ===
[05:08:48] [Server thread/INFO]: [GSit] Enabling GSit v3.1.0
[05:08:48] [Server thread/INFO]: [PlaceholderAPI] Successfully registered internal expansion: gsit [3.1.0]
[05:08:48] [Server thread/INFO]: [WorldGuard] Registering session handler dev.geco.gsit.link.worldguard.RegionFlagHandler
[05:08:48] [Server thread/INFO]: [GSit] The plugin was successfully enabled.
[05:08:48] [Server thread/INFO]: [GSit] Link with PlaceholderAPI successful!
[05:08:48] [Server thread/INFO]: [GSit] Link with WorldGuard successful!
[05:08:48] [Server thread/INFO]: [DonutBounty] Enabling DonutBounty v2.1
[05:08:49] [Server thread/ERROR]: [DonutBounty] License validation failed: Auth Error: Internal Server Error (Code: 500)
[05:08:49] [Server thread/INFO]: [DonutBounty] Disabling DonutBounty v2.1
[05:08:49] [Server thread/INFO]: [ExploitFixer] Enabling ExploitFixer v3.6.6
[05:08:49] [Server thread/INFO]: [ExploitFixer] §aSuccessfully hooked with HamsterAPI!
[05:08:49] [Server thread/INFO]: [ExploitFixer] Loaded languages: de, ru, pt, fr, hu, uk, sk, id, sv, ko, en, it, es, zh, cs, ar, vi, th, ja, pl, da, ro, he, tr, nl
[05:08:49] [Server thread/INFO]: [ExploitFixer] ActionCooldowns module reloaded with 22 cooldown entries
[05:08:49] [Server thread/INFO]: [ExploitFixer] BookLimit module reloaded. ChunkLimit: 32 | StorageLimit: 54 | Debug: false
[05:08:49] [Server thread/INFO]: [ExploitFixer] PacketFilter module reloaded with 6 cooldown entries
[05:08:49] [Server thread/INFO]: [ExploitFixer] Invalid Recipe ID module initialized successfully
[05:08:49] [Server thread/INFO]: [ExploitFixer] Legacy Bukkit/Spigot/Paper server detected.
[05:08:49] [Server thread/INFO]: [ExploitFixer] Successfully registered commands!
[05:08:49] [Server thread/INFO]: [ExploitFixer] Successfully registered tasks!
[05:08:49] [Server thread/INFO]: [ExploitFixer] Successfully registered listeners!
[05:08:49] [Server thread/INFO]: [WorldBorder] Enabling WorldBorder v2.1.5
[05:08:49] [Server thread/INFO]: [WorldBorder] [CONFIG] Using rectangular/square border, knockback of 3.0 blocks, and timer delay of 5.
[05:08:49] [Server thread/INFO]: [WorldBorder] [CONFIG] Border-checking timed task started.
[05:08:49] [Server thread/INFO]: [WorldBorder] [CONFIG] World "map" has border radius 50000 at X: 0.6 Z: -0.5
[05:08:49] [Server thread/INFO]: [WorldBorder] For reference, the main world's spawn location is at X: 0.0 Y: 103.0 Z: 0.0
[05:08:49] [Server thread/INFO]: [CrazyCrates] Enabling CrazyCrates v1.21.8-fde1b0e
[05:08:49] [Server thread/INFO]: [PlaceholderAPI] Successfully registered internal expansion: crazycrates [1.21.8-fde1b0e]
[05:08:49] [Server thread/INFO]: [DonutOrder] Enabling DonutOrder v1.12.2-release-6
[05:08:49] [Server thread/INFO]: 

  ___         _         
 / _ \ _ _ __| |___ _ _    DonutOrder 1.12.2-release-6
| (_) | '_/ _` / -_) '_|   Supports Paper & Folia
 \___/|_| \__,_\___|_|

[05:08:49] [Server thread/INFO]: Loaded 0 player names into cache
[05:08:49] [Server thread/INFO]: [PlaceholderAPI] Successfully registered internal expansion: donutorder [1.0.0]
[05:08:50] [Server thread/INFO]: Your Order license key is valid!
[05:08:50] [Server thread/WARN]: [org.bukkit.craftbukkit.legacy.CraftLegacy] Initializing Legacy Material Support. Unless you have legacy plugins and/or data this is a bug!
[05:08:59] [Server thread/WARN]: Could not deserialize material type
[05:08:59] [Server thread/WARN]: Invalid material for item: item_1440
[05:08:59] [Server thread/WARN]: Could not deserialize material type
[05:08:59] [Server thread/WARN]: Invalid material for item: item_1420
[05:08:59] [Server thread/WARN]: Could not deserialize material type
[05:08:59] [Server thread/WARN]: Invalid material for item: item_1442
[05:08:59] [Server thread/WARN]: Could not deserialize material type
[05:08:59] [Server thread/WARN]: Invalid material for item: item_1441
[05:08:59] [Server thread/WARN]: Could not deserialize material type
[05:08:59] [Server thread/WARN]: Invalid material for item: item_1422
[05:08:59] [Server thread/WARN]: Could not deserialize material type
[05:08:59] [Server thread/WARN]: Invalid material for item: item_1444
[05:08:59] [Server thread/WARN]: Could not deserialize material type
[05:08:59] [Server thread/WARN]: Invalid material for item: item_1421
[05:08:59] [Server thread/WARN]: Could not deserialize material type
[05:08:59] [Server thread/WARN]: Invalid material for item: item_1443
[05:08:59] [Server thread/WARN]: Could not deserialize material type
[05:08:59] [Server thread/WARN]: Invalid material for item: item_1424
[05:08:59] [Server thread/WARN]: Could not deserialize material type
[05:08:59] [Server thread/WARN]: Invalid material for item: item_1446
[05:08:59] [Server thread/WARN]: Could not deserialize material type
[05:08:59] [Server thread/WARN]: Invalid material for item: item_1423
[05:08:59] [Server thread/WARN]: Could not deserialize material type
[05:08:59] [Server thread/WARN]: Invalid material for item: item_1445
[05:08:59] [Server thread/WARN]: Could not deserialize material type
[05:08:59] [Server thread/WARN]: Invalid material for item: item_1426
[05:08:59] [Server thread/WARN]: Could not deserialize material type
[05:08:59] [Server thread/WARN]: Invalid material for item: item_1448
[05:08:59] [Server thread/WARN]: Could not deserialize material type
[05:08:59] [Server thread/WARN]: Invalid material for item: item_1425
[05:08:59] [Server thread/WARN]: Could not deserialize material type
[05:08:59] [Server thread/WARN]: Invalid material for item: item_1447
[05:08:59] [Server thread/WARN]: Could not deserialize material type
[05:08:59] [Server thread/WARN]: Invalid material for item: item_1428
[05:08:59] [Server thread/WARN]: Could not deserialize material type
[05:08:59] [Server thread/WARN]: Invalid material for item: item_1427
[05:08:59] [Server thread/WARN]: Could not deserialize material type
[05:08:59] [Server thread/WARN]: Invalid material for item: item_1449
[05:08:59] [Server thread/WARN]: Could not deserialize material type
[05:08:59] [Server thread/WARN]: Invalid material for item: item_1429
[05:08:59] [Server thread/WARN]: Could not deserialize material type
[05:08:59] [Server thread/WARN]: Invalid material for item: item_1451
[05:08:59] [Server thread/WARN]: Could not deserialize material type
[05:08:59] [Server thread/WARN]: Invalid material for item: item_1450
[05:08:59] [Server thread/WARN]: Could not deserialize material type
[05:08:59] [Server thread/WARN]: Invalid material for item: item_1431
[05:08:59] [Server thread/WARN]: Could not deserialize material type
[05:08:59] [Server thread/WARN]: Invalid material for item: item_1453
[05:08:59] [Server thread/WARN]: Could not deserialize material type
[05:08:59] [Server thread/WARN]: Invalid material for item: item_1430
[05:08:59] [Server thread/WARN]: Could not deserialize material type
[05:08:59] [Server thread/WARN]: Invalid material for item: item_1452
[05:08:59] [Server thread/WARN]: Could not deserialize material type
[05:08:59] [Server thread/WARN]: Invalid material for item: item_1433
[05:08:59] [Server thread/WARN]: Could not deserialize material type
[05:08:59] [Server thread/WARN]: Invalid material for item: item_1432
[05:08:59] [Server thread/WARN]: Could not deserialize material type
[05:08:59] [Server thread/WARN]: Invalid material for item: item_1454
[05:08:59] [Server thread/WARN]: Could not deserialize material type
[05:08:59] [Server thread/WARN]: Invalid material for item: item_1413
[05:08:59] [Server thread/WARN]: Could not deserialize material type
[05:08:59] [Server thread/WARN]: Invalid material for item: item_1435
[05:08:59] [Server thread/WARN]: Could not deserialize material type
[05:08:59] [Server thread/WARN]: Invalid material for item: item_1434
[05:08:59] [Server thread/WARN]: Could not deserialize material type
[05:08:59] [Server thread/WARN]: Invalid material for item: item_1415
[05:08:59] [Server thread/WARN]: Could not deserialize material type
[05:08:59] [Server thread/WARN]: Invalid material for item: item_1437
[05:08:59] [Server thread/WARN]: Could not deserialize material type
[05:08:59] [Server thread/WARN]: Invalid material for item: item_1414
[05:08:59] [Server thread/WARN]: Could not deserialize material type
[05:08:59] [Server thread/WARN]: Invalid material for item: item_1436
[05:08:59] [Server thread/WARN]: Could not deserialize material type
[05:08:59] [Server thread/WARN]: Invalid material for item: item_1417
[05:08:59] [Server thread/WARN]: Could not deserialize material type
[05:08:59] [Server thread/WARN]: Invalid material for item: item_1439
[05:08:59] [Server thread/WARN]: Could not deserialize material type
[05:08:59] [Server thread/WARN]: Invalid material for item: item_1416
[05:08:59] [Server thread/WARN]: Could not deserialize material type
[05:08:59] [Server thread/WARN]: Invalid material for item: item_1438
[05:08:59] [Server thread/WARN]: Could not deserialize material type
[05:08:59] [Server thread/WARN]: Invalid material for item: item_1419
[05:08:59] [Server thread/WARN]: Could not deserialize material type
[05:08:59] [Server thread/WARN]: Invalid material for item: item_1418
[05:08:59] [Server thread/INFO]: Prices loaded in 9670ms
[05:08:59] [ForkJoinPool.commonPool-worker-1/INFO]: Starting material indexing for 1413 items...
[05:08:59] [ForkJoinPool.commonPool-worker-1/INFO]: Indexed 500/1413 items...
[05:08:59] [ForkJoinPool.commonPool-worker-1/INFO]: Indexed 1000/1413 items...
[05:08:59] [ForkJoinPool.commonPool-worker-1/INFO]: Material indexing complete: 1413 materials indexed in 45ms with 1513 name entries, 0 alias entries, and 1553 trigram entries
[05:08:59] [Server thread/INFO]: [GUIShop] Enabling GUIShop v9.3.0a
[05:08:59] [Server thread/INFO]: [GUIShop] LOG: [Shop Config Error] Shop 'Worth' > Page0 > Slot '17': Failed to register sellable item - ACACIA_WALL_HANGING_SIGN isn't an item
[05:08:59] [Server thread/INFO]: [GUIShop] LOG: [Shop Config Error] Shop 'Worth' > Page0 > Slot '18': Failed to register sellable item - ACACIA_WALL_SIGN isn't an item
[05:08:59] [Server thread/INFO]: [GUIShop] LOG: [Shop Config Error] Shop 'Worth' > Page0 > Slot '38': Failed to register sellable item - ATTACHED_MELON_STEM isn't an item
[05:08:59] [Server thread/INFO]: [GUIShop] LOG: [Shop Config Error] Shop 'Worth' > Page0 > Slot '39': Failed to register sellable item - ATTACHED_PUMPKIN_STEM isn't an item
[05:08:59] [Server thread/INFO]: [GUIShop] LOG: [Shop Config Error] Shop 'Worth' > Page1 > Slot '5': Failed to register sellable item - BAMBOO_SAPLING isn't an item
[05:08:59] [Server thread/INFO]: [GUIShop] LOG: [Shop Config Error] Shop 'Worth' > Page1 > Slot '11': Failed to register sellable item - BAMBOO_WALL_HANGING_SIGN isn't an item
[05:08:59] [Server thread/INFO]: [GUIShop] LOG: [Shop Config Error] Shop 'Worth' > Page1 > Slot '12': Failed to register sellable item - BAMBOO_WALL_SIGN isn't an item
[05:08:59] [Server thread/INFO]: [GUIShop] LOG: [Shop Config Error] Shop 'Worth' > Page1 > Slot '22': Failed to register sellable item - BEETROOTS isn't an item
[05:08:59] [Server thread/INFO]: [GUIShop] LOG: [Shop Config Error] Shop 'Worth' > Page1 > Slot '25': Failed to register sellable item - BIG_DRIPLEAF_STEM isn't an item
[05:08:59] [Server thread/INFO]: [GUIShop] LOG: [Shop Config Error] Shop 'Worth' > Page1 > Slot '43': Failed to register sellable item - BIRCH_WALL_HANGING_SIGN isn't an item
[05:08:59] [Server thread/INFO]: [GUIShop] LOG: [Shop Config Error] Shop 'Worth' > Page1 > Slot '44': Failed to register sellable item - BIRCH_WALL_SIGN isn't an item
[05:08:59] [Server thread/INFO]: [GUIShop] LOG: [Shop Config Error] Shop 'Worth' > Page1 > Slot '50': Failed to register sellable item - BLACK_CANDLE_CAKE isn't an item
[05:08:59] [Server thread/INFO]: [GUIShop] LOG: [Shop Config Error] Shop 'Worth' > Page2 > Slot '7': Failed to register sellable item - BLACK_WALL_BANNER isn't an item
[05:08:59] [Server thread/INFO]: [GUIShop] LOG: [Shop Config Error] Shop 'Worth' > Page2 > Slot '21': Failed to register sellable item - BLUE_CANDLE_CAKE isn't an item
[05:08:59] [Server thread/INFO]: [GUIShop] LOG: [Shop Config Error] Shop 'Worth' > Page2 > Slot '35': Failed to register sellable item - BLUE_WALL_BANNER isn't an item
[05:08:59] [Server thread/INFO]: [GUIShop] LOG: [Shop Config Error] Shop 'Worth' > Page2 > Slot '48': Failed to register sellable item - BRAIN_CORAL_WALL_FAN isn't an item
[05:08:59] [Server thread/INFO]: [GUIShop] LOG: [Shop Config Error] Shop 'Worth' > Page3 > Slot '8': Failed to register sellable item - BROWN_CANDLE_CAKE isn't an item
[05:08:59] [Server thread/INFO]: [GUIShop] LOG: [Shop Config Error] Shop 'Worth' > Page3 > Slot '22': Failed to register sellable item - BROWN_WALL_BANNER isn't an item
[05:08:59] [Server thread/INFO]: [GUIShop] LOG: [Shop Config Error] Shop 'Worth' > Page3 > Slot '25': Failed to register sellable item - BUBBLE_COLUMN isn't an item
[05:08:59] [Server thread/INFO]: [GUIShop] LOG: [Shop Config Error] Shop 'Worth' > Page3 > Slot '29': Failed to register sellable item - BUBBLE_CORAL_WALL_FAN isn't an item
[05:08:59] [Server thread/INFO]: [GUIShop] LOG: [Shop Config Error] Shop 'Worth' > Page3 > Slot '40': Failed to register sellable item - CANDLE_CAKE isn't an item
[05:08:59] [Server thread/INFO]: [GUIShop] LOG: [Shop Config Error] Shop 'Worth' > Page3 > Slot '43': Failed to register sellable item - CARROTS isn't an item
[05:08:59] [Server thread/INFO]: [GUIShop] LOG: [Shop Config Error] Shop 'Worth' > Page3 > Slot '47': Failed to register sellable item - CAVE_VINES isn't an item
[05:08:59] [Server thread/INFO]: [GUIShop] LOG: [Shop Config Error] Shop 'Worth' > Page3 > Slot '48': Failed to register sellable item - CAVE_VINES_PLANT isn't an item
[05:08:59] [Server thread/INFO]: [GUIShop] LOG: [Shop Config Error] Shop 'Worth' > Page4 > Slot '18': Failed to register sellable item - CHERRY_WALL_HANGING_SIGN isn't an item
[05:08:59] [Server thread/INFO]: [GUIShop] LOG: [Shop Config Error] Shop 'Worth' > Page4 > Slot '19': Failed to register sellable item - CHERRY_WALL_SIGN isn't an item
[05:08:59] [Server thread/INFO]: [GUIShop] LOG: [Shop Config Error] Shop 'Worth' > Page5 > Slot '1': Failed to register sellable item - COCOA isn't an item
[05:08:59] [Server thread/INFO]: [GUIShop] LOG: [Shop Config Error] Shop 'Worth' > Page5 > Slot '34': Failed to register sellable item - CREEPER_WALL_HEAD isn't an item
[05:08:59] [Server thread/INFO]: [GUIShop] LOG: [Shop Config Error] Shop 'Worth' > Page5 > Slot '52': Failed to register sellable item - CRIMSON_WALL_HANGING_SIGN isn't an item
[05:08:59] [Server thread/INFO]: [GUIShop] LOG: [Shop Config Error] Shop 'Worth' > Page5 > Slot '53': Failed to register sellable item - CRIMSON_WALL_SIGN isn't an item
[05:08:59] [Server thread/INFO]: [GUIShop] LOG: [Shop Config Error] Shop 'Worth' > Page6 > Slot '13': Failed to register sellable item - CYAN_CANDLE_CAKE isn't an item
[05:08:59] [Server thread/INFO]: [GUIShop] LOG: [Shop Config Error] Shop 'Worth' > Page6 > Slot '24': Failed to register sellable item - CYAN_WALL_BANNER isn't an item
[05:08:59] [Server thread/INFO]: [GUIShop] LOG: [Shop Config Error] Shop 'Worth' > Page6 > Slot '46': Failed to register sellable item - DARK_OAK_WALL_HANGING_SIGN isn't an item
[05:08:59] [Server thread/INFO]: [GUIShop] LOG: [Shop Config Error] Shop 'Worth' > Page6 > Slot '47': Failed to register sellable item - DARK_OAK_WALL_SIGN isn't an item
[05:08:59] [Server thread/INFO]: [GUIShop] LOG: [Shop Config Error] Shop 'Worth' > Page7 > Slot '2': Failed to register sellable item - DEAD_BRAIN_CORAL_WALL_FAN isn't an item
[05:08:59] [Server thread/INFO]: [GUIShop] LOG: [Shop Config Error] Shop 'Worth' > Page7 > Slot '6': Failed to register sellable item - DEAD_BUBBLE_CORAL_WALL_FAN isn't an item
[05:08:59] [Server thread/INFO]: [GUIShop] LOG: [Shop Config Error] Shop 'Worth' > Page7 > Slot '11': Failed to register sellable item - DEAD_FIRE_CORAL_WALL_FAN isn't an item
[05:08:59] [Server thread/INFO]: [GUIShop] LOG: [Shop Config Error] Shop 'Worth' > Page7 > Slot '15': Failed to register sellable item - DEAD_HORN_CORAL_WALL_FAN isn't an item
[05:08:59] [Server thread/INFO]: [GUIShop] LOG: [Shop Config Error] Shop 'Worth' > Page7 > Slot '19': Failed to register sellable item - DEAD_TUBE_CORAL_WALL_FAN isn't an item
[05:08:59] [Server thread/INFO]: [GUIShop] LOG: [Shop Config Error] Shop 'Worth' > Page8 > Slot '9': Failed to register sellable item - DRAGON_WALL_HEAD isn't an item
[05:08:59] [Server thread/INFO]: [GUIShop] LOG: [Shop Config Error] Shop 'Worth' > Page8 > Slot '23': Failed to register sellable item - END_GATEWAY isn't an item
[05:08:59] [Server thread/INFO]: [GUIShop] LOG: [Shop Config Error] Shop 'Worth' > Page8 > Slot '50': Failed to register sellable item - FIRE isn't an item
[05:08:59] [Server thread/INFO]: [GUIShop] LOG: [Shop Config Error] Shop 'Worth' > Page9 > Slot '1': Failed to register sellable item - FIRE_CORAL_WALL_FAN isn't an item
[05:08:59] [Server thread/INFO]: [GUIShop] LOG: [Shop Config Error] Shop 'Worth' > Page9 > Slot '16': Failed to register sellable item - FROSTED_ICE isn't an item
[05:08:59] [Server thread/INFO]: [GUIShop] LOG: [Shop Config Error] Shop 'Worth' > Page10 > Slot '5': Failed to register sellable item - GRAY_CANDLE_CAKE isn't an item
[05:08:59] [Server thread/INFO]: [GUIShop] LOG: [Shop Config Error] Shop 'Worth' > Page10 > Slot '16': Failed to register sellable item - GRAY_WALL_BANNER isn't an item
[05:08:59] [Server thread/INFO]: [GUIShop] LOG: [Shop Config Error] Shop 'Worth' > Page10 > Slot '22': Failed to register sellable item - GREEN_CANDLE_CAKE isn't an item
[05:08:59] [Server thread/INFO]: [GUIShop] LOG: [Shop Config Error] Shop 'Worth' > Page10 > Slot '33': Failed to register sellable item - GREEN_WALL_BANNER isn't an item
[05:08:59] [Server thread/INFO]: [GUIShop] LOG: [Shop Config Error] Shop 'Worth' > Page11 > Slot '1': Failed to register sellable item - HORN_CORAL_WALL_FAN isn't an item
[05:08:59] [Server thread/INFO]: [GUIShop] LOG: [Shop Config Error] Shop 'Worth' > Page11 > Slot '49': Failed to register sellable item - JUNGLE_WALL_HANGING_SIGN isn't an item
[05:08:59] [Server thread/INFO]: [GUIShop] LOG: [Shop Config Error] Shop 'Worth' > Page11 > Slot '50': Failed to register sellable item - JUNGLE_WALL_SIGN isn't an item
[05:08:59] [Server thread/INFO]: [GUIShop] LOG: [Shop Config Error] Shop 'Worth' > Page11 > Slot '53': Failed to register sellable item - KELP_PLANT isn't an item
[05:08:59] [Server thread/INFO]: [GUIShop] LOG: [Shop Config Error] Shop 'Worth' > Page12 > Slot '8': Failed to register sellable item - LAVA isn't an item
[05:08:59] [Server thread/INFO]: [GUIShop] LOG: [Shop Config Error] Shop 'Worth' > Page12 > Slot '10': Failed to register sellable item - LAVA_CAULDRON isn't an item
[05:08:59] [Server thread/INFO]: [GUIShop] LOG: [Shop Config Error] Shop 'Worth' > Page12 > Slot '24': Failed to register sellable item - LIGHT_BLUE_CANDLE_CAKE isn't an item
[05:08:59] [Server thread/INFO]: [GUIShop] LOG: [Shop Config Error] Shop 'Worth' > Page12 > Slot '35': Failed to register sellable item - LIGHT_BLUE_WALL_BANNER isn't an item
[05:08:59] [Server thread/INFO]: [GUIShop] LOG: [Shop Config Error] Shop 'Worth' > Page12 > Slot '41': Failed to register sellable item - LIGHT_GRAY_CANDLE_CAKE isn't an item
[05:08:59] [Server thread/INFO]: [GUIShop] LOG: [Shop Config Error] Shop 'Worth' > Page12 > Slot '52': Failed to register sellable item - LIGHT_GRAY_WALL_BANNER isn't an item
[05:08:59] [Server thread/INFO]: [GUIShop] LOG: [Shop Config Error] Shop 'Worth' > Page13 > Slot '9': Failed to register sellable item - LIME_CANDLE_CAKE isn't an item
[05:08:59] [Server thread/INFO]: [GUIShop] LOG: [Shop Config Error] Shop 'Worth' > Page13 > Slot '20': Failed to register sellable item - LIME_WALL_BANNER isn't an item
[05:08:59] [Server thread/INFO]: [GUIShop] LOG: [Shop Config Error] Shop 'Worth' > Page13 > Slot '29': Failed to register sellable item - MAGENTA_CANDLE_CAKE isn't an item
[05:08:59] [Server thread/INFO]: [GUIShop] LOG: [Shop Config Error] Shop 'Worth' > Page13 > Slot '40': Failed to register sellable item - MAGENTA_WALL_BANNER isn't an item
[05:08:59] [Server thread/INFO]: [GUIShop] LOG: [Shop Config Error] Shop 'Worth' > Page14 > Slot '8': Failed to register sellable item - MANGROVE_WALL_HANGING_SIGN isn't an item
[05:08:59] [Server thread/INFO]: [GUIShop] LOG: [Shop Config Error] Shop 'Worth' > Page14 > Slot '9': Failed to register sellable item - MANGROVE_WALL_SIGN isn't an item
[05:08:59] [Server thread/INFO]: [GUIShop] LOG: [Shop Config Error] Shop 'Worth' > Page14 > Slot '16': Failed to register sellable item - MELON_STEM isn't an item
[05:08:59] [Server thread/INFO]: [GUIShop] LOG: [Shop Config Error] Shop 'Worth' > Page14 > Slot '32': Failed to register sellable item - MOVING_PISTON isn't an item
[05:08:59] [Server thread/INFO]: [GUIShop] LOG: [Shop Config Error] Shop 'Worth' > Page15 > Slot '45': Failed to register sellable item - OAK_WALL_HANGING_SIGN isn't an item
[05:08:59] [Server thread/INFO]: [GUIShop] LOG: [Shop Config Error] Shop 'Worth' > Page15 > Slot '46': Failed to register sellable item - OAK_WALL_SIGN isn't an item
[05:08:59] [Server thread/INFO]: [GUIShop] LOG: [Shop Config Error] Shop 'Worth' > Page16 > Slot '3': Failed to register sellable item - ORANGE_CANDLE_CAKE isn't an item
[05:08:59] [Server thread/INFO]: [GUIShop] LOG: [Shop Config Error] Shop 'Worth' > Page16 > Slot '15': Failed to register sellable item - ORANGE_WALL_BANNER isn't an item
[05:08:59] [Server thread/INFO]: [GUIShop] LOG: [Shop Config Error] Shop 'Worth' > Page16 > Slot '50': Failed to register sellable item - PALE_OAK_WALL_HANGING_SIGN isn't an item
[05:08:59] [Server thread/INFO]: [GUIShop] LOG: [Shop Config Error] Shop 'Worth' > Page16 > Slot '51': Failed to register sellable item - PALE_OAK_WALL_SIGN isn't an item
[05:08:59] [Server thread/INFO]: [GUIShop] LOG: [Shop Config Error] Shop 'Worth' > Page17 > Slot '6': Failed to register sellable item - PIGLIN_WALL_HEAD isn't an item
[05:08:59] [Server thread/INFO]: [GUIShop] LOG: [Shop Config Error] Shop 'Worth' > Page17 > Slot '11': Failed to register sellable item - PINK_CANDLE_CAKE isn't an item
[05:08:59] [Server thread/INFO]: [GUIShop] LOG: [Shop Config Error] Shop 'Worth' > Page17 > Slot '24': Failed to register sellable item - PINK_WALL_BANNER isn't an item
[05:08:59] [Server thread/INFO]: [GUIShop] LOG: [Shop Config Error] Shop 'Worth' > Page17 > Slot '27': Failed to register sellable item - PISTON_HEAD isn't an item
[05:08:59] [Server thread/INFO]: [GUIShop] LOG: [Shop Config Error] Shop 'Worth' > Page17 > Slot '28': Failed to register sellable item - PITCHER_CROP isn't an item
[05:08:59] [Server thread/INFO]: [GUIShop] LOG: [Shop Config Error] Shop 'Worth' > Page17 > Slot '32': Failed to register sellable item - PLAYER_WALL_HEAD isn't an item
[05:08:59] [Server thread/INFO]: [GUIShop] LOG: [Shop Config Error] Shop 'Worth' > Page18 > Slot '15': Failed to register sellable item - POTATOES isn't an item
[05:08:59] [Server thread/INFO]: [GUIShop] LOG: [Shop Config Error] Shop 'Worth' > Page18 > Slot '16': Failed to register sellable item - POTTED_ACACIA_SAPLING isn't an item
[05:08:59] [Server thread/INFO]: [GUIShop] LOG: [Shop Config Error] Shop 'Worth' > Page18 > Slot '17': Failed to register sellable item - POTTED_ALLIUM isn't an item
[05:08:59] [Server thread/INFO]: [GUIShop] LOG: [Shop Config Error] Shop 'Worth' > Page18 > Slot '18': Failed to register sellable item - POTTED_AZALEA_BUSH isn't an item
[05:08:59] [Server thread/INFO]: [GUIShop] LOG: [Shop Config Error] Shop 'Worth' > Page18 > Slot '19': Failed to register sellable item - POTTED_AZURE_BLUET isn't an item
[05:08:59] [Server thread/INFO]: [GUIShop] LOG: [Shop Config Error] Shop 'Worth' > Page18 > Slot '20': Failed to register sellable item - POTTED_BAMBOO isn't an item
[05:08:59] [Server thread/INFO]: [GUIShop] LOG: [Shop Config Error] Shop 'Worth' > Page18 > Slot '21': Failed to register sellable item - POTTED_BIRCH_SAPLING isn't an item
[05:08:59] [Server thread/INFO]: [GUIShop] LOG: [Shop Config Error] Shop 'Worth' > Page18 > Slot '22': Failed to register sellable item - POTTED_BLUE_ORCHID isn't an item
[05:08:59] [Server thread/INFO]: [GUIShop] LOG: [Shop Config Error] Shop 'Worth' > Page18 > Slot '23': Failed to register sellable item - POTTED_BROWN_MUSHROOM isn't an item
[05:08:59] [Server thread/INFO]: [GUIShop] LOG: [Shop Config Error] Shop 'Worth' > Page18 > Slot '24': Failed to register sellable item - POTTED_CACTUS isn't an item
[05:08:59] [Server thread/INFO]: [GUIShop] LOG: [Shop Config Error] Shop 'Worth' > Page18 > Slot '25': Failed to register sellable item - POTTED_CHERRY_SAPLING isn't an item
[05:08:59] [Server thread/INFO]: [GUIShop] LOG: [Shop Config Error] Shop 'Worth' > Page18 > Slot '26': Failed to register sellable item - POTTED_CORNFLOWER isn't an item
[05:08:59] [Server thread/INFO]: [GUIShop] LOG: [Shop Config Error] Shop 'Worth' > Page18 > Slot '27': Failed to register sellable item - POTTED_CRIMSON_FUNGUS isn't an item
[05:08:59] [Server thread/INFO]: [GUIShop] LOG: [Shop Config Error] Shop 'Worth' > Page18 > Slot '28': Failed to register sellable item - POTTED_CRIMSON_ROOTS isn't an item
[05:08:59] [Server thread/INFO]: [GUIShop] LOG: [Shop Config Error] Shop 'Worth' > Page18 > Slot '29': Failed to register sellable item - POTTED_DANDELION isn't an item
[05:08:59] [Server thread/INFO]: [GUIShop] LOG: [Shop Config Error] Shop 'Worth' > Page18 > Slot '30': Failed to register sellable item - POTTED_DARK_OAK_SAPLING isn't an item
[05:08:59] [Server thread/INFO]: [GUIShop] LOG: [Shop Config Error] Shop 'Worth' > Page18 > Slot '31': Failed to register sellable item - POTTED_DEAD_BUSH isn't an item
[05:08:59] [Server thread/INFO]: [GUIShop] LOG: [Shop Config Error] Shop 'Worth' > Page18 > Slot '32': Failed to register sellable item - POTTED_FERN isn't an item
[05:08:59] [Server thread/INFO]: [GUIShop] LOG: [Shop Config Error] Shop 'Worth' > Page18 > Slot '33': Failed to register sellable item - POTTED_FLOWERING_AZALEA_BUSH isn't an item
[05:08:59] [Server thread/INFO]: [GUIShop] LOG: [Shop Config Error] Shop 'Worth' > Page18 > Slot '34': Failed to register sellable item - POTTED_JUNGLE_SAPLING isn't an item
[05:08:59] [Server thread/INFO]: [GUIShop] LOG: [Shop Config Error] Shop 'Worth' > Page18 > Slot '35': Failed to register sellable item - POTTED_LILY_OF_THE_VALLEY isn't an item
[05:08:59] [Server thread/INFO]: [GUIShop] LOG: [Shop Config Error] Shop 'Worth' > Page18 > Slot '36': Failed to register sellable item - POTTED_MANGROVE_PROPAGULE isn't an item
[05:08:59] [Server thread/INFO]: [GUIShop] LOG: [Shop Config Error] Shop 'Worth' > Page18 > Slot '37': Failed to register sellable item - POTTED_OAK_SAPLING isn't an item
[05:08:59] [Server thread/INFO]: [GUIShop] LOG: [Shop Config Error] Shop 'Worth' > Page18 > Slot '38': Failed to register sellable item - POTTED_ORANGE_TULIP isn't an item
[05:08:59] [Server thread/INFO]: [GUIShop] LOG: [Shop Config Error] Shop 'Worth' > Page18 > Slot '39': Failed to register sellable item - POTTED_OXEYE_DAISY isn't an item
[05:08:59] [Server thread/INFO]: [GUIShop] LOG: [Shop Config Error] Shop 'Worth' > Page18 > Slot '40': Failed to register sellable item - POTTED_PALE_OAK_SAPLING isn't an item
[05:08:59] [Server thread/INFO]: [GUIShop] LOG: [Shop Config Error] Shop 'Worth' > Page18 > Slot '41': Failed to register sellable item - POTTED_PINK_TULIP isn't an item
[05:08:59] [Server thread/INFO]: [GUIShop] LOG: [Shop Config Error] Shop 'Worth' > Page18 > Slot '42': Failed to register sellable item - POTTED_POPPY isn't an item
[05:08:59] [Server thread/INFO]: [GUIShop] LOG: [Shop Config Error] Shop 'Worth' > Page18 > Slot '43': Failed to register sellable item - POTTED_RED_MUSHROOM isn't an item
[05:08:59] [Server thread/INFO]: [GUIShop] LOG: [Shop Config Error] Shop 'Worth' > Page18 > Slot '44': Failed to register sellable item - POTTED_RED_TULIP isn't an item
[05:08:59] [Server thread/INFO]: [GUIShop] LOG: [Shop Config Error] Shop 'Worth' > Page18 > Slot '45': Failed to register sellable item - POTTED_SPRUCE_SAPLING isn't an item
[05:08:59] [Server thread/INFO]: [GUIShop] LOG: [Shop Config Error] Shop 'Worth' > Page18 > Slot '46': Failed to register sellable item - POTTED_TORCHFLOWER isn't an item
[05:08:59] [Server thread/INFO]: [GUIShop] LOG: [Shop Config Error] Shop 'Worth' > Page18 > Slot '47': Failed to register sellable item - POTTED_WARPED_FUNGUS isn't an item
[05:08:59] [Server thread/INFO]: [GUIShop] LOG: [Shop Config Error] Shop 'Worth' > Page18 > Slot '48': Failed to register sellable item - POTTED_WARPED_ROOTS isn't an item
[05:08:59] [Server thread/INFO]: [GUIShop] LOG: [Shop Config Error] Shop 'Worth' > Page18 > Slot '49': Failed to register sellable item - POTTED_WHITE_TULIP isn't an item
[05:08:59] [Server thread/INFO]: [GUIShop] LOG: [Shop Config Error] Shop 'Worth' > Page18 > Slot '50': Failed to register sellable item - POTTED_WITHER_ROSE isn't an item
[05:08:59] [Server thread/INFO]: [GUIShop] LOG: [Shop Config Error] Shop 'Worth' > Page18 > Slot '51': Failed to register sellable item - POWDER_SNOW isn't an item
[05:08:59] [Server thread/INFO]: [GUIShop] LOG: [Shop Config Error] Shop 'Worth' > Page18 > Slot '53': Failed to register sellable item - POWDER_SNOW_CAULDRON isn't an item
[05:08:59] [Server thread/INFO]: [GUIShop] LOG: [Shop Config Error] Shop 'Worth' > Page19 > Slot '16': Failed to register sellable item - PUMPKIN_STEM isn't an item
[05:08:59] [Server thread/INFO]: [GUIShop] LOG: [Shop Config Error] Shop 'Worth' > Page19 > Slot '21': Failed to register sellable item - PURPLE_CANDLE_CAKE isn't an item
[05:08:59] [Server thread/INFO]: [GUIShop] LOG: [Shop Config Error] Shop 'Worth' > Page19 > Slot '32': Failed to register sellable item - PURPLE_WALL_BANNER isn't an item
[05:08:59] [Server thread/INFO]: [GUIShop] LOG: [Shop Config Error] Shop 'Worth' > Page20 > Slot '6': Failed to register sellable item - RED_CANDLE_CAKE isn't an item
[05:08:59] [Server thread/INFO]: [GUIShop] LOG: [Shop Config Error] Shop 'Worth' > Page20 > Slot '29': Failed to register sellable item - RED_WALL_BANNER isn't an item
[05:08:59] [Server thread/INFO]: [GUIShop] LOG: [Shop Config Error] Shop 'Worth' > Page20 > Slot '36': Failed to register sellable item - REDSTONE_WALL_TORCH isn't an item
[05:08:59] [Server thread/INFO]: [GUIShop] LOG: [Shop Config Error] Shop 'Worth' > Page20 > Slot '37': Failed to register sellable item - REDSTONE_WIRE isn't an item
[05:08:59] [Server thread/INFO]: [GUIShop] LOG: [Shop Config Error] Shop 'Worth' > Page21 > Slot '5': Failed to register sellable item - Cannot invoke "org.bukkit.inventory.ItemStack.getType()" because the return value of "com.pablo67340.guishop.shade.xseries.XMaterial.parseItem()" is null
[05:08:59] [Server thread/INFO]: [GUIShop] LOG: [Shop Config Error] Shop 'Worth' > Page21 > Slot '18': Failed to register sellable item - SKELETON_WALL_SKULL isn't an item
[05:08:59] [Server thread/INFO]: [GUIShop] LOG: [Shop Config Error] Shop 'Worth' > Page21 > Slot '45': Failed to register sellable item - SOUL_FIRE isn't an item
[05:08:59] [Server thread/INFO]: [GUIShop] LOG: [Shop Config Error] Shop 'Worth' > Page21 > Slot '50': Failed to register sellable item - SOUL_WALL_TORCH isn't an item
[05:08:59] [Server thread/INFO]: [GUIShop] LOG: [Shop Config Error] Shop 'Worth' > Page22 > Slot '18': Failed to register sellable item - SPRUCE_WALL_HANGING_SIGN isn't an item
[05:08:59] [Server thread/INFO]: [GUIShop] LOG: [Shop Config Error] Shop 'Worth' > Page22 > Slot '19': Failed to register sellable item - SPRUCE_WALL_SIGN isn't an item
[05:08:59] [Server thread/INFO]: [GUIShop] LOG: [Shop Config Error] Shop 'Worth' > Page23 > Slot '16': Failed to register sellable item - SWEET_BERRY_BUSH isn't an item
[05:08:59] [Server thread/INFO]: [GUIShop] LOG: [Shop Config Error] Shop 'Worth' > Page23 > Slot '19': Failed to register sellable item - TALL_SEAGRASS isn't an item
[05:08:59] [Server thread/INFO]: [GUIShop] LOG: [Shop Config Error] Shop 'Worth' > Page23 > Slot '27': Failed to register sellable item - TORCHFLOWER_CROP isn't an item
[05:08:59] [Server thread/INFO]: [GUIShop] LOG: [Shop Config Error] Shop 'Worth' > Page23 > Slot '33': Failed to register sellable item - TRIPWIRE isn't an item
[05:08:59] [Server thread/INFO]: [GUIShop] LOG: [Shop Config Error] Shop 'Worth' > Page23 > Slot '40': Failed to register sellable item - TUBE_CORAL_WALL_FAN isn't an item
[05:08:59] [Server thread/INFO]: [GUIShop] LOG: [Shop Config Error] Shop 'Worth' > Page23 > Slot '53': Failed to register sellable item - TWISTING_VINES_PLANT isn't an item
[05:08:59] [Server thread/INFO]: [GUIShop] LOG: [Shop Config Error] Shop 'Worth' > Page24 > Slot '2': Failed to register sellable item - WALL_TORCH isn't an item
[05:08:59] [Server thread/INFO]: [GUIShop] LOG: [Shop Config Error] Shop 'Worth' > Page24 > Slot '21': Failed to register sellable item - WARPED_WALL_HANGING_SIGN isn't an item
[05:08:59] [Server thread/INFO]: [GUIShop] LOG: [Shop Config Error] Shop 'Worth' > Page24 > Slot '22': Failed to register sellable item - WARPED_WALL_SIGN isn't an item
[05:08:59] [Server thread/INFO]: [GUIShop] LOG: [Shop Config Error] Shop 'Worth' > Page24 > Slot '24': Failed to register sellable item - WATER isn't an item
[05:08:59] [Server thread/INFO]: [GUIShop] LOG: [Shop Config Error] Shop 'Worth' > Page24 > Slot '26': Failed to register sellable item - WATER_CAULDRON isn't an item
[05:08:59] [Server thread/INFO]: [GUIShop] LOG: [Shop Config Error] Shop 'Worth' > Page25 > Slot '19': Failed to register sellable item - WEEPING_VINES_PLANT isn't an item
[05:08:59] [Server thread/INFO]: [GUIShop] LOG: [Shop Config Error] Shop 'Worth' > Page25 > Slot '27': Failed to register sellable item - WHITE_CANDLE_CAKE isn't an item
[05:08:59] [Server thread/INFO]: [GUIShop] LOG: [Shop Config Error] Shop 'Worth' > Page25 > Slot '39': Failed to register sellable item - WHITE_WALL_BANNER isn't an item
[05:08:59] [Server thread/INFO]: [GUIShop] LOG: [Shop Config Error] Shop 'Worth' > Page25 > Slot '44': Failed to register sellable item - WITHER_SKELETON_WALL_SKULL isn't an item
[05:08:59] [Server thread/INFO]: [GUIShop] LOG: [Shop Config Error] Shop 'Worth' > Page26 > Slot '3': Failed to register sellable item - YELLOW_CANDLE_CAKE isn't an item
[05:08:59] [Server thread/INFO]: [GUIShop] LOG: [Shop Config Error] Shop 'Worth' > Page26 > Slot '14': Failed to register sellable item - YELLOW_WALL_BANNER isn't an item
[05:08:59] [Server thread/ERROR]: Error occurred while enabling GUIShop v9.3.0a (Is it up to date?)
java.util.NoSuchElementException: No value present
	at java.base/java.util.Optional.get(Optional.java:143) ~[?:?]
	at GUIShop-9.3.0a.jar/com.pablo67340.guishop.definition.ShopItem.determineHighestSlots(ShopItem.java:26) ~[GUIShop-9.3.0a.jar:?]
	at GUIShop-9.3.0a.jar/com.pablo67340.guishop.listenable.Shop.loadShopFromConfig(Shop.java:185) ~[GUIShop-9.3.0a.jar:?]
	at GUIShop-9.3.0a.jar/com.pablo67340.guishop.listenable.Shop.loadItems(Shop.java:83) ~[GUIShop-9.3.0a.jar:?]
	at GUIShop-9.3.0a.jar/com.pablo67340.guishop.GUIShop.warmup(GUIShop.java:197) ~[GUIShop-9.3.0a.jar:?]
	at GUIShop-9.3.0a.jar/com.pablo67340.guishop.GUIShop.onEnable(GUIShop.java:110) ~[GUIShop-9.3.0a.jar:?]
	at org.bukkit.plugin.java.JavaPlugin.setEnabled(JavaPlugin.java:279) ~[paper-api-1.21.10-R0.1-SNAPSHOT.jar:?]
	at io.papermc.paper.plugin.manager.PaperPluginInstanceManager.enablePlugin(PaperPluginInstanceManager.java:202) ~[paper-1.21.10.jar:1.21.10-117-df4b668]
	at io.papermc.paper.plugin.manager.PaperPluginManagerImpl.enablePlugin(PaperPluginManagerImpl.java:109) ~[paper-1.21.10.jar:1.21.10-117-df4b668]
	at org.bukkit.plugin.SimplePluginManager.enablePlugin(SimplePluginManager.java:520) ~[paper-api-1.21.10-R0.1-SNAPSHOT.jar:?]
	at org.bukkit.craftbukkit.CraftServer.enablePlugin(CraftServer.java:639) ~[paper-1.21.10.jar:1.21.10-117-df4b668]
	at org.bukkit.craftbukkit.CraftServer.enablePlugins(CraftServer.java:596) ~[paper-1.21.10.jar:1.21.10-117-df4b668]
	at net.minecraft.server.MinecraftServer.initPostWorld(MinecraftServer.java:637) ~[paper-1.21.10.jar:1.21.10-117-df4b668]
	at net.minecraft.server.dedicated.DedicatedServer.initServer(DedicatedServer.java:368) ~[paper-1.21.10.jar:1.21.10-117-df4b668]
	at net.minecraft.server.MinecraftServer.runServer(MinecraftServer.java:1257) ~[paper-1.21.10.jar:1.21.10-117-df4b668]
	at net.minecraft.server.MinecraftServer.lambda$spin$2(MinecraftServer.java:384) ~[paper-1.21.10.jar:1.21.10-117-df4b668]
	at java.base/java.lang.Thread.run(Thread.java:1583) ~[?:?]
[05:08:59] [Server thread/INFO]: [GUIShop] Disabling GUIShop v9.3.0a
[05:08:59] [Server thread/INFO]: [ClearFog] Enabling ClearFog v1.6.9
[05:08:59] [Server thread/INFO]: [ClearFog] Plugin successfully enabled.
[05:08:59] [Server thread/INFO]: [voicechat] Enabling voicechat v2.6.6
[05:08:59] [Server thread/INFO]: [voicechat] Initializing compatibility for version 1.21.10-R0.1
[05:08:59] [Server thread/INFO]: [voicechat] Compatibility version 20
[05:08:59] [Server thread/INFO]: [voicechat] Successfully initialized commodore command completion
[05:08:59] [Server thread/INFO]: [PlaceholderAPI] Successfully registered internal expansion: voicechat [2.6.6]
[05:08:59] [Server thread/INFO]: [voicechat] Successfully registered PlaceholderAPI expansion
[05:08:59] [Server thread/INFO]: [FeatherBoard] Enabling FeatherBoard v6.0.7
[05:09:00] [Server thread/INFO]: [FeatherBoard] -=-=-=-=-=-=-=-=-=-=-=-=-=-=-=-=-=-=-=-=-=-=-
[05:09:00] [Server thread/INFO]: [FeatherBoard] FeatherBoard v6.0.7
[05:09:00] [Server thread/INFO]: [FeatherBoard] Author: Maxim Van de Wynckel (Maximvdw)
[05:09:00] [Server thread/INFO]: [FeatherBoard] Company website: https://www.mvdw-software.com
[05:09:00] [Server thread/INFO]: [FeatherBoard] Author website: https://maximvdw.be
[05:09:00] [Server thread/INFO]: [FeatherBoard] Copyright: 2013-2025 All Rights Received
[05:09:00] [Server thread/INFO]: [FeatherBoard] -=-=-=-=-=-=-=-=-=-=-=-=-=-=-=-=-=-=-=-=-=-=-
[05:09:00] [Server thread/INFO]: [FeatherBoard] Preparing remote logging with version UUID: 8f89ef62-c8c5-4f8a-b2ee-24b5a5731d4a
[05:09:00] [Server thread/INFO]: [FeatherBoard] Loading configuration ...
[05:09:00] [Server thread/INFO]: [FeatherBoard] Loading messages ...
[05:09:00] [Server thread/INFO]: [FeatherBoard] Loading language file: lang_en
[05:09:00] [Server thread/INFO]: [FeatherBoard] Using ActionTextv7 core
[05:09:00] [Server thread/INFO]: [FeatherBoard] Your version is up to date!
[05:09:01] [Server thread/INFO]: [FeatherBoard] Database contains 2 player records
[05:09:01] [Server thread/INFO]: [FeatherBoard] Reloading scoreboards ...
[05:09:01] [Server thread/INFO]: [FeatherBoard] Loading scoreboard 'default-images' ...
[05:09:02] [Server thread/INFO]: [FeatherBoard] Loading scoreboard 'benchmark' ...
[05:09:07] [Server thread/INFO]: [FeatherBoard] Loading scoreboard 'default' ...
[05:09:07] [Server thread/INFO]: [FeatherBoard] Added 'PERMISSION' as the default assigning method
[05:09:07] [Server thread/INFO]: [FeatherBoard] Checking for resource pack changes ...
[05:09:07] [Server thread/INFO]: [FeatherBoard] Resource pack has not changed.
[05:09:07] [Server thread/INFO]: [FeatherBoard] Adding command 'featherboard'
[05:09:07] [Server thread/INFO]: [fairy-lib-plugin] Enabling fairy-lib-plugin v0.8.2b4-SNAPSHOT
[05:09:08] [Server thread/INFO]: Version mappings loaded successfully!
[05:09:08] [Server thread/INFO]: Attempting to inject global event listeners...
[05:09:08] [Server thread/INFO]: Successfully injected global event listeners.
[05:09:08] [Server thread/INFO]: Fairy Lib Plugin enabled.
[05:09:08] [Server thread/INFO]: [EssentialsChat] Enabling EssentialsChat v2.22.0-dev+47-faa02b5
[05:09:08] [Server thread/INFO]: [EssentialsChat] Starting Metrics. Opt-out using the global bStats config.
[05:09:08] [Server thread/INFO]: [Spartan] Enabling Spartan v4.0.6.8
[05:09:08] [Server thread/INFO]: [Spartan] [MILLENNIUM] ModelML was successfully loaded from /ml/m1.dat (2080 parameters)
[05:09:08] [Server thread/INFO]: [Spartan] [MILLENNIUM] ModelML was successfully loaded from /ml/m2.dat (2020 parameters)
[05:09:08] [Server thread/INFO]: [Spartan] [MILLENNIUM] ModelML was successfully loaded from /ml/m3.dat (1643 parameters)
[05:09:08] [Server thread/INFO]: [Spartan] [MILLENNIUM] ModelML was successfully loaded from /ml/m4.dat (2071 parameters)
[05:09:08] [Server thread/INFO]: [Spartan] [MILLENNIUM] ModelML was successfully loaded from /ml/m5.dat (2157 parameters)
[05:09:08] [Server thread/INFO]: [Spartan] [MILLENNIUM] ModelML was successfully loaded from /ml/m_huge1.dat (3962 parameters)
[05:09:08] [Server thread/INFO]: [Spartan] [MILLENNIUM] ModelML was successfully loaded from /ml/m_huge2.dat (3974 parameters)
[05:09:08] [Server thread/INFO]: [Spartan] [MILLENNIUM] 001-premium-complex-18k loaded!
[05:09:09] [Server thread/INFO]: [SilkSpawners_v2] Enabling SilkSpawners_v2 v2.3.2
[05:09:09] [Server thread/INFO]: [SilkSpawners] Loading configuration...
[05:09:09] [Server thread/INFO]: [SilkSpawners] Configuration is up to date
[05:09:09] [Server thread/INFO]: [SilkSpawners] [INFO]: Starting SilkSpawners v2.3.2
[05:09:09] [Thread-26/INFO]: [SilkSpawners] [INFO]: Checking for updates
[05:09:09] [Server thread/INFO]: [SilkSpawners] [INFO]: Loading server platform
[05:09:09] [Server thread/INFO]: [SilkSpawners] [INFO]: Initialized plugin for bukkit server
[05:09:09] [Server thread/INFO]: [SilkSpawners] [INFO]: Loading Cross-Version support
[05:09:09] [Server thread/INFO]: [SilkSpawners] [INFO]: Loaded support for version 1.21.10
[05:09:09] [Server thread/INFO]: [SilkSpawners] [INFO]: Loading locale file
[05:09:09] [Server thread/INFO]: [SilkSpawners] [INFO]: Starting bStats integration
[05:09:09] [Server thread/INFO]: [SilkSpawners] [INFO]: Registering listeners
[05:09:09] [Server thread/INFO]: [SilkSpawners] [INFO]: Registering commands
[05:09:09] [Server thread/INFO]: [SilkSpawners] [INFO]: Started SilkSpawners v2.3.2
[05:09:09] [Server thread/INFO]: [Tebex] Enabling Tebex v2.2.1
[05:09:10] [Thread-26/INFO]: [SilkSpawners] [WARN]: Update available! Download at https://www.spigotmc.org/resources/silkspawners.60063/ 
Installed version: v2.3.2
Latest version: v2.3.3
[05:09:10] [Server thread/INFO]: [Tebex] Welcome to Tebex! It seems like this is a new setup.
[05:09:10] [Server thread/INFO]: [Tebex] To get started, please use the 'tebex secret <key>' command in the console.
[05:09:10] [Server thread/INFO]: [LPX] Enabling LPX v3.7.7
[05:09:11] [Server thread/INFO]: [LPX] LPX enabled!
[05:09:11] [Server thread/INFO]: [LPX] License successfully validated!
[05:09:11] [Server thread/INFO]: [Cores] Enabling Cores v1.0.0
[05:09:11] [Server thread/INFO]: [Cores] Configuration loaded successfully!
[05:09:11] [Server thread/INFO]: [Cores] Loaded 2 core(s)
[05:09:11] [Server thread/INFO]: [Cores] Loaded 3 faction data file(s)
[05:09:11] [Server thread/INFO]: [Cores] Economy integration enabled: EssentialsX Economy
[05:09:11] [Server thread/INFO]: [Cores] FactionsUUID integration enabled!
[05:09:11] [Server thread/INFO]: [Cores] Beacon effect task started!
[05:09:11] [Server thread/INFO]: [Cores] zMenu integration enabled!
[05:09:11] [Server thread/INFO]: [PlaceholderAPI] Successfully registered internal expansion: cores [1.0.0]
[05:09:11] [Server thread/INFO]: [Cores] PlaceholderAPI integration enabled!
[05:09:11] [Server thread/INFO]: [Cores] WorldGuard integration enabled - Spawn protection available!
[05:09:11] [Server thread/INFO]: [Cores] Cores plugin has been enabled!
[05:09:11] [Server thread/INFO]: [Cores] Version: 1.0.0
[05:09:11] [Server thread/INFO]: [TAB] Enabling TAB v5.4.0
[05:09:11] [Server thread/INFO]: [TAB] Enabled in 129ms
[05:09:11] [Server thread/INFO]: [zAuctionHouseV3] Enabling zAuctionHouseV3 v3.2.4.0
[05:09:11] [Server thread/INFO]: [PlaceholderAPI] Successfully registered internal expansion: zauctionhouse [3.2.4.0]
[05:09:11] [Server thread/INFO]: [zAuctionHouseV3 v3.2.4.0] === ENABLE START ===
[05:09:11] [Server thread/INFO]: [zAuctionHouseV3 v3.2.4.0] Plugin Version V3.2.4.0
[05:09:11] [Server thread/INFO]: [zAuctionHouseV3 v3.2.4.0] Loading of 4 price items
[05:09:11] [Server thread/INFO]: [zAuctionHouseV3 v3.2.4.0] /home/ubuntu/novacore_pvp/plugins/zAuctionHouseV3/blacklistplayers.json loaded successfully !
[05:09:11] [Server thread/INFO]: [zAuctionHouseV3 v3.2.4.0] Loaded config.yml
[05:09:11] [Server thread/INFO]: [zAuctionHouseV3 v3.2.4.0] Loading of 3 tax items
[05:09:11] [Server thread/INFO]: [zAuctionHouseV3 v3.2.4.0] Loaded 4 blacklist items
[05:09:11] [Server thread/INFO]: [zAuctionHouseV3 v3.2.4.0] Loaded 0 whitelist items
[05:09:11] [Server thread/INFO]: [zAuctionHouseV3 v3.2.4.0] Loading the Examples category with 4 materials
[05:09:11] [Server thread/INFO]: [zAuctionHouseV3 v3.2.4.0] Loading the Blocks category with 1166 materials
[05:09:11] [Server thread/INFO]: [zAuctionHouseV3 v3.2.4.0] Loading the Potions category with 17 materials
[05:09:11] [Server thread/INFO]: [zAuctionHouseV3 v3.2.4.0] Loading the Tools category with 20 materials
[05:09:11] [Server thread/INFO]: [zAuctionHouseV3 v3.2.4.0] Loading the Weapons category with 13 materials
[05:09:11] [Server thread/INFO]: [zAuctionHouseV3 v3.2.4.0] Loading 3 inventories
[05:09:11] [Server thread/INFO]: [zAuctionHouseV3 v3.2.4.0] Loading 0 commands
[05:09:11] [Server thread/INFO]: [zAuctionHouseV3] Using SQLITE for storage
[05:09:11] [Server thread/INFO]: [zAuctionHouseV3 v3.2.4.0] Load SQL...
[05:09:11] [Server thread/INFO]: [zMenu v1.1.0.6] plugins/zAuctionHouseV3/patterns/pagination.yml loaded successfully !
[05:09:11] [Server thread/INFO]: [zMenu v1.1.0.6] plugins/zAuctionHouseV3/patterns/auction.yml loaded successfully !
[05:09:11] [Server thread/INFO]: [zMenu v1.1.0.6] plugins/zAuctionHouseV3/patterns/decoration.yml loaded successfully !
[05:09:11] [Server thread/INFO]: [zMenu v1.1.0.6] plugins/zAuctionHouseV3/patterns/back.yml loaded successfully !
[05:09:11] [Server thread/INFO]: [zMenu v1.1.0.6] plugins/zAuctionHouseV3/inventories/items.yml loaded successfully !
[05:09:11] [Server thread/INFO]: [zMenu v1.1.0.6] plugins/zAuctionHouseV3/inventories/show.yml loaded successfully !
[05:09:11] [Server thread/INFO]: [zMenu v1.1.0.6] plugins/zAuctionHouseV3/inventories/economy.yml loaded successfully !
[05:09:11] [Server thread/INFO]: [zMenu v1.1.0.6] plugins/zAuctionHouseV3/inventories/removeconfirm.yml loaded successfully !
[05:09:11] [Server thread/INFO]: [zMenu v1.1.0.6] plugins/zAuctionHouseV3/inventories/auction.yml loaded successfully !
[05:09:11] [Server thread/INFO]: [zMenu v1.1.0.6] plugins/zAuctionHouseV3/inventories/search.yml loaded successfully !
[05:09:11] [Server thread/INFO]: [zMenu v1.1.0.6] plugins/zAuctionHouseV3/inventories/expire.yml loaded successfully !
[05:09:11] [Server thread/INFO]: [zMenu v1.1.0.6] plugins/zAuctionHouseV3/inventories/buyconfirminventory.yml loaded successfully !
[05:09:11] [Server thread/INFO]: [zMenu v1.1.0.6] plugins/zAuctionHouseV3/inventories/sell.yml loaded successfully !
[05:09:11] [Server thread/INFO]: [zMenu v1.1.0.6] plugins/zAuctionHouseV3/inventories/buyconfirm.yml loaded successfully !
[05:09:11] [Server thread/INFO]: [zMenu v1.1.0.6] plugins/zAuctionHouseV3/inventories/categories.yml loaded successfully !
[05:09:11] [Server thread/INFO]: [zMenu v1.1.0.6] plugins/zAuctionHouseV3/inventories/buying.yml loaded successfully !
[05:09:11] [Server thread/INFO]: [zMenu v1.1.0.6] plugins/zAuctionHouseV3/inventories/category.yml loaded successfully !
[05:09:11] [Server thread/INFO]: [zMenu v1.1.0.6] plugins/zAuctionHouseV3/inventories/sellshow.yml loaded successfully !
[05:09:11] [Server thread/INFO]: [zMenu v1.1.0.6] plugins/zAuctionHouseV3/inventories/adminremove.yml loaded successfully !
[05:09:11] [Server thread/WARN]: [CurrenciesAPI] The framework is not up to date, the latest version is 1.0.7
[05:09:11] [Server thread/INFO]: [zAuctionHouseV3 v3.2.4.0] Register VAULT economy with name vault
[05:09:11] [Server thread/INFO]: [zAuctionHouseV3 v3.2.4.0] Register ProtocolLib implementation
[05:09:11] [Server thread/INFO]: [zAuctionHouseV3 v3.2.4.0] === ENABLE DONE (441ms) ===
[05:09:11] [Server thread/INFO]: [BetterRTP] Enabling BetterRTP v3.6.13
[05:09:11] [Server thread/INFO]: [BetterRTP] Cooldown = 5
[05:09:11] [Server thread/INFO]: [PlaceholderAPI] Successfully registered internal expansion: betterrtp [3.6.13]
[05:09:11] [Server thread/INFO]: [EssentialsSpawn] Enabling EssentialsSpawn v2.22.0-dev+47-faa02b5
[05:09:11] [Server thread/INFO]: [EssentialsSpawn] Starting Metrics. Opt-out using the global bStats config.
[05:09:12] [Server thread/INFO]: [spark] Starting background profiler...
[05:09:12] [Server thread/INFO]: [FactionsUUID] Successfully hooked into LuckPerms for permission contexts!
[05:09:12] [Server thread/INFO]: [FactionsUUID] Found and connected to Essentials
[05:09:12] [Server thread/INFO]: [FactionsUUID] Based on main.conf will delete Essentials player homes in their old faction when they leave
[05:09:12] [Server thread/INFO]: [PlaceholderAPI] Successfully registered internal expansion: factionsuuid [4.3.0]
[05:09:12] [Server thread/INFO]: [FactionsUUID] Successfully registered placeholders with PlaceholderAPI.
[05:09:12] [Server thread/INFO]: [FactionsUUID] Found support for WorldGuard version 7.0.14+2339-43997ec
[05:09:12] [Server thread/INFO]: [PlaceholderAPI] Placeholder expansion registration initializing...
[05:09:12] [Server thread/INFO]: [Geyser-Spigot] ******************************************
[05:09:12] [Server thread/INFO]: [Geyser-Spigot] 
[05:09:12] [Server thread/INFO]: [Geyser-Spigot] Loading Geyser version 2.9.2-b1004 (git-master-e4c1140)
[05:09:12] [Server thread/INFO]: [Geyser-Spigot] 
[05:09:12] [Server thread/INFO]: [Geyser-Spigot] ******************************************
[05:09:14] [GeyserServer-3-1/INFO]: [Geyser-Spigot] Started Geyser on UDP port 19132
[05:09:14] [Server thread/INFO]: [Geyser-Spigot] Done (2.076s)! Run /geyser help for help!
[05:09:14] [Server thread/INFO]: Starting GS4 status listener
[05:09:14] [Server thread/INFO]: Thread Query Listener started
[05:09:14] [Query Listener #1/INFO]: Query running on 51.222.244.145:25565
[05:09:14] [Server thread/INFO]: Running delayed init tasks
[05:09:14] [Craft Scheduler Thread - 8 - Essentials/INFO]: [Essentials] Fetching version information...
[05:09:14] [Craft Scheduler Thread - 8 - Essentials/INFO]: [Essentials] Update checking disabled in config.
[05:09:14] [Craft Scheduler Thread - 21 - zAuctionHouseV3/INFO]: [zAuctionHouseV3] The database connection is valid ! (192.168.10.10)
[05:09:14] [Server thread/INFO]: [com.fastasyncworldedit.bukkit.regions.WorldGuardFeature] Plugin 'WorldGuard' found. Using it now.
[05:09:14] [Server thread/INFO]: [com.fastasyncworldedit.bukkit.FaweBukkit] Attempting to use plugin 'WorldGuard'
[05:09:14] [ForkJoinPool.commonPool-worker-14/INFO]: Search indexes rebuilt: 0 name entries, 0 alias entries, 0 lore entries for 0 orders
[05:09:14] [Craft Scheduler Thread - 9 - Vault/INFO]: [Vault] Checking for Updates ... 
[05:09:14] [Server thread/INFO]: [FactionsUUID] Found economy plugin through Vault: EssentialsX Economy
[05:09:14] [Server thread/INFO]: [FactionsUUID] NOTE: Economy is disabled. You can enable it in config/main.conf
[05:09:14] [Server thread/INFO]: [FactionsUUID] Using Vault with permissions plugin LuckPerms
[05:09:14] [Craft Scheduler Thread - 21 - zAuctionHouseV3/INFO]: [zAuctionHouseV3] Executing SQL: PRAGMA table_info(zauctionhouse_options)
[05:09:14] [Craft Scheduler Thread - 21 - zAuctionHouseV3/INFO]: [zAuctionHouseV3 v3.2.4.0] Loading items
[05:09:14] [Craft Scheduler Thread - 21 - zAuctionHouseV3/INFO]: [zAuctionHouseV3 v3.2.4.0] Loading transactions
[05:09:14] [pool-74-thread-2/INFO]: [zAuctionHouseV3 v3.2.4.0] Loading of transactions successfully completed.
[05:09:14] [Server thread/INFO]: [Essentials] Essentials found a compatible payment resolution method: Vault Compatibility Layer (v1.7.3-b131)!
[05:09:14] [pool-74-thread-1/INFO]: [zAuctionHouseV3 v3.2.4.0] Loading of items successfully completed.
[05:09:14] [Craft Scheduler Thread - 9 - Vault/INFO]: [Vault] No new version available
[05:09:14] [Server thread/INFO]: Done (42.326s)! For help, type "help"
[05:09:14] [Craft Scheduler Thread - 11 - ClearFog/INFO]: [ClearFog] Your version of this plugin is up to date!
[05:09:14] [Server thread/INFO]: [voicechat] Loading plugins
[05:09:14] [Server thread/INFO]: [voicechat] Loaded 0 plugin(s)
[05:09:14] [Server thread/INFO]: [voicechat] Initializing plugins
[05:09:14] [Server thread/INFO]: [voicechat] Initialized 0 plugin(s)
[05:09:15] [VoiceChatServerThread/INFO]: [voicechat] Using server-ip as bind address: 51.222.244.145
[05:09:15] [VoiceChatServerThread/INFO]: [voicechat] Voice chat server started at 51.222.244.145:24454
[05:09:15] [Server thread/INFO]: [PlaceholderAPI] Successfully registered external expansion: server [2.7.3]
[05:09:15] [Server thread/INFO]: [PlaceholderAPI] Successfully registered external expansion: player [2.0.9]
[05:09:15] [Server thread/INFO]: [PlaceholderAPI] Successfully registered external expansion: vault [1.8.3]
[05:09:15] [Server thread/INFO]: [PlaceholderAPI] Successfully registered external expansion: math [2.0.2]
[05:09:15] [Server thread/INFO]: [PlaceholderAPI] Successfully registered external expansion: healthbar [1.3]
[05:09:15] [Server thread/INFO]: [PlaceholderAPI] Successfully registered external expansion: ascii [1.0.0]
[05:09:15] [Server thread/INFO]: [PlaceholderAPI] Successfully registered external expansion: statistic [2.0.2]
[05:09:15] [Server thread/INFO]: 7 placeholder hook(s) registered!
[05:09:15] [Server thread/INFO]: [FeatherBoard] PAPI expansions loaded. Checking for missing expansions ...
[05:09:15] [Craft Scheduler Thread - 13 - zAuctionHouseV3/INFO]: [zAuctionHouseV3 v3.2.4.0] No update available.
[05:09:15] [Craft Scheduler Thread - 10 - zMenu/INFO]: [zMenu v1.1.0.6] No update available.
[05:09:15] [Server thread/INFO]: zb2t (/143.105.15.113:53011) lost connection: Disconnected
[05:09:16] [Server thread/INFO]: [Cores] Visual effects restored: 2 successful
[05:09:16] [User Authenticator #0/INFO]: UUID of player DoubtIt is d2e3066b-2a93-4d52-a4d5-c339595b2a79
[05:09:16] [Server thread/INFO]: [HorriblePlayerLoginEventHack] You have plugins listening to the PlayerLoginEvent, this will cause re-configuration APIs to be unavailable: [LuckPerms, ExploitFixer, fairy-lib-plugin, ProtocolLib, WorldGuard]
[05:09:18] [Server thread/INFO]: DoubtIt joined the game
[05:09:18] [Server thread/INFO]: DoubtIt[/99.233.175.101:61878] logged in with entity id 3 at ([map]-0.968411941145674, 88.0, -0.848960882781607)
[05:09:18] [Netty Epoll Server IO #1/INFO]: [ProtocolDetectorManager] Attempting to detect server protocol version...
[05:09:18] [Netty Epoll Server IO #1/INFO]: [ProtocolDetectorManager] Successfully detected protocol version 773 using SharedConstants detector
[05:09:18] [Netty Epoll Server IO #1/INFO]: [PacketIdUtil] Successfully detected Server Protocol Version: 773
[05:09:18] [Server thread/INFO]: [voicechat] Received secret request of DoubtIt (20)
[05:09:18] [Server thread/INFO]: [voicechat] Sent secret to DoubtIt
[05:09:18] [VoiceChatPacketProcessingThread/INFO]: [voicechat] Successfully authenticated player d2e3066b-2a93-4d52-a4d5-c339595b2a79
[05:09:19] [VoiceChatPacketProcessingThread/INFO]: [voicechat] Successfully validated connection of player d2e3066b-2a93-4d52-a4d5-c339595b2a79
[05:09:19] [VoiceChatPacketProcessingThread/INFO]: [voicechat] Player DoubtIt (d2e3066b-2a93-4d52-a4d5-c339595b2a79) successfully connected to voice chat
[05:09:20] [Netty Epoll Server IO #1/INFO]: [HamsterAPI] NMSItemStackConverter initialized successfully for server version: 1.17+
[05:09:25] [User Authenticator #0/INFO]: UUID of player zb2t is db0e98ba-82f9-4c14-b8a4-6b93ca9c137c
[05:09:25] [Server thread/INFO]: zb2t joined the game
[05:09:25] [Server thread/INFO]: zb2t[/143.105.15.113:64599] logged in with entity id 1131 at ([map]-9597.644419749075, 93.0, -10279.429191976453)
[05:09:25] [Server thread/INFO]: [voicechat] Received secret request of zb2t (20)
[05:09:25] [Server thread/INFO]: [voicechat] Sent secret to zb2t
[05:09:25] [VoiceChatPacketProcessingThread/INFO]: [voicechat] Successfully authenticated player db0e98ba-82f9-4c14-b8a4-6b93ca9c137c
[05:09:26] [VoiceChatPacketProcessingThread/INFO]: [voicechat] Successfully validated connection of player db0e98ba-82f9-4c14-b8a4-6b93ca9c137c
[05:09:26] [VoiceChatPacketProcessingThread/INFO]: [voicechat] Player zb2t (db0e98ba-82f9-4c14-b8a4-6b93ca9c137c) successfully connected to voice chat
[05:09:27] [Server thread/INFO]: [NBTAPI] [NBTAPI] Found Minecraft: 1.21.10! Trying to find NMS support
[05:09:27] [Server thread/INFO]: [NBTAPI] [NBTAPI] NMS support 'MC1_21_R6' loaded!
[05:09:27] [Server thread/INFO]: [NBTAPI] [NBTAPI] Using the plugin 'Cores' to create a bStats instance!
[05:09:28] [Server thread/INFO]: zb2t issued server command: /spawn
[05:09:29] [Server thread/INFO]: DoubtIt issued server command: /sell
[05:09:29] [Server thread/ERROR]: Command exception: /sell
java.lang.IllegalStateException: The plugin classloader for GUIShop has thrown a zip file error.
	at org.bukkit.plugin.java.PluginClassLoader.findClass(PluginClassLoader.java:228) ~[paper-api-1.21.10-R0.1-SNAPSHOT.jar:?]
	at java.base/java.lang.ClassLoader.loadClass(ClassLoader.java:593) ~[?:?]
	at org.bukkit.plugin.java.PluginClassLoader.loadClass0(PluginClassLoader.java:180) ~[paper-api-1.21.10-R0.1-SNAPSHOT.jar:?]
	at org.bukkit.plugin.java.PluginClassLoader.loadClass(PluginClassLoader.java:175) ~[paper-api-1.21.10-R0.1-SNAPSHOT.jar:?]
	at java.base/java.lang.ClassLoader.loadClass(ClassLoader.java:526) ~[?:?]
	at GUIShop-9.3.0a.jar/com.pablo67340.guishop.GUIShop.getUserCommands(GUIShop.java:174) ~[GUIShop-9.3.0a.jar:?]
	at GUIShop-9.3.0a.jar/com.pablo67340.guishop.commands.SellCommand.execute(SellCommand.java:31) ~[GUIShop-9.3.0a.jar:?]
	at io.papermc.paper.command.brigadier.bukkit.BukkitCommandNode$BukkitBrigCommand.run(BukkitCommandNode.java:83) ~[paper-1.21.10.jar:1.21.10-117-df4b668]
	at com.mojang.brigadier.context.ContextChain.runExecutable(ContextChain.java:73) ~[brigadier-1.3.10.jar:?]
	at net.minecraft.commands.execution.tasks.ExecuteCommand.execute(ExecuteCommand.java:30) ~[paper-1.21.10.jar:1.21.10-117-df4b668]
	at net.minecraft.commands.execution.tasks.ExecuteCommand.execute(ExecuteCommand.java:13) ~[paper-1.21.10.jar:1.21.10-117-df4b668]
	at net.minecraft.commands.execution.UnboundEntryAction.lambda$bind$0(UnboundEntryAction.java:8) ~[paper-1.21.10.jar:1.21.10-117-df4b668]
	at net.minecraft.commands.execution.CommandQueueEntry.execute(CommandQueueEntry.java:5) ~[paper-1.21.10.jar:1.21.10-117-df4b668]
	at net.minecraft.commands.execution.ExecutionContext.runCommandQueue(ExecutionContext.java:105) ~[paper-1.21.10.jar:1.21.10-117-df4b668]
	at net.minecraft.commands.Commands.executeCommandInContext(Commands.java:458) ~[paper-1.21.10.jar:1.21.10-117-df4b668]
	at net.minecraft.commands.Commands.performCommand(Commands.java:364) ~[paper-1.21.10.jar:1.21.10-117-df4b668]
	at net.minecraft.commands.Commands.performCommand(Commands.java:352) ~[paper-1.21.10.jar:1.21.10-117-df4b668]
	at net.minecraft.server.network.ServerGamePacketListenerImpl.performUnsignedChatCommand(ServerGamePacketListenerImpl.java:2321) ~[paper-1.21.10.jar:1.21.10-117-df4b668]
	at net.minecraft.server.network.ServerGamePacketListenerImpl.lambda$handleChatCommand$12(ServerGamePacketListenerImpl.java:2294) ~[paper-1.21.10.jar:1.21.10-117-df4b668]
	at net.minecraft.server.TickTask.run(TickTask.java:18) ~[paper-1.21.10.jar:1.21.10-117-df4b668]
	at net.minecraft.util.thread.BlockableEventLoop.doRunTask(BlockableEventLoop.java:176) ~[paper-1.21.10.jar:1.21.10-117-df4b668]
	at net.minecraft.util.thread.ReentrantBlockableEventLoop.doRunTask(ReentrantBlockableEventLoop.java:24) ~[paper-1.21.10.jar:1.21.10-117-df4b668]
	at net.minecraft.server.MinecraftServer.doRunTask(MinecraftServer.java:1537) ~[paper-1.21.10.jar:1.21.10-117-df4b668]
	at net.minecraft.server.MinecraftServer.doRunTask(MinecraftServer.java:180) ~[paper-1.21.10.jar:1.21.10-117-df4b668]
	at net.minecraft.util.thread.BlockableEventLoop.pollTask(BlockableEventLoop.java:150) ~[paper-1.21.10.jar:1.21.10-117-df4b668]
	at net.minecraft.server.MinecraftServer.pollTaskInternal(MinecraftServer.java:1517) ~[paper-1.21.10.jar:1.21.10-117-df4b668]
	at net.minecraft.server.MinecraftServer.pollTask(MinecraftServer.java:1511) ~[paper-1.21.10.jar:1.21.10-117-df4b668]
	at net.minecraft.server.MinecraftServer.recordTaskExecutionTimeWhileWaiting(MinecraftServer.java:1229) ~[paper-1.21.10.jar:1.21.10-117-df4b668]
	at net.minecraft.server.MinecraftServer.runServer(MinecraftServer.java:1352) ~[paper-1.21.10.jar:1.21.10-117-df4b668]
	at net.minecraft.server.MinecraftServer.lambda$spin$2(MinecraftServer.java:384) ~[paper-1.21.10.jar:1.21.10-117-df4b668]
	at java.base/java.lang.Thread.run(Thread.java:1583) ~[?:?]
Caused by: java.lang.IllegalStateException: zip file closed
	at java.base/java.util.zip.ZipFile.ensureOpen(ZipFile.java:846) ~[?:?]
	at java.base/java.util.zip.ZipFile.getEntry(ZipFile.java:338) ~[?:?]
	at java.base/java.util.jar.JarFile.getEntry(JarFile.java:517) ~[?:?]
	at java.base/java.util.jar.JarFile.getJarEntry(JarFile.java:472) ~[?:?]
	at org.bukkit.plugin.java.PluginClassLoader.findClass(PluginClassLoader.java:223) ~[paper-api-1.21.10-R0.1-SNAPSHOT.jar:?]
	... 30 more
[05:09:37] [Server thread/INFO]: DoubtIt issued server command: /shop
[05:09:37] [Server thread/ERROR]: Command exception: /shop
java.lang.IllegalStateException: The plugin classloader for GUIShop has thrown a zip file error.
	at org.bukkit.plugin.java.PluginClassLoader.findClass(PluginClassLoader.java:228) ~[paper-api-1.21.10-R0.1-SNAPSHOT.jar:?]
	at java.base/java.lang.ClassLoader.loadClass(ClassLoader.java:593) ~[?:?]
	at org.bukkit.plugin.java.PluginClassLoader.loadClass0(PluginClassLoader.java:180) ~[paper-api-1.21.10-R0.1-SNAPSHOT.jar:?]
	at org.bukkit.plugin.java.PluginClassLoader.loadClass(PluginClassLoader.java:175) ~[paper-api-1.21.10-R0.1-SNAPSHOT.jar:?]
	at java.base/java.lang.ClassLoader.loadClass(ClassLoader.java:526) ~[?:?]
	at GUIShop-9.3.0a.jar/com.pablo67340.guishop.GUIShop.getUserCommands(GUIShop.java:174) ~[GUIShop-9.3.0a.jar:?]
	at GUIShop-9.3.0a.jar/com.pablo67340.guishop.commands.BuyCommand.execute(BuyCommand.java:39) ~[GUIShop-9.3.0a.jar:?]
	at io.papermc.paper.command.brigadier.bukkit.BukkitCommandNode$BukkitBrigCommand.run(BukkitCommandNode.java:83) ~[paper-1.21.10.jar:1.21.10-117-df4b668]
	at com.mojang.brigadier.context.ContextChain.runExecutable(ContextChain.java:73) ~[brigadier-1.3.10.jar:?]
	at net.minecraft.commands.execution.tasks.ExecuteCommand.execute(ExecuteCommand.java:30) ~[paper-1.21.10.jar:1.21.10-117-df4b668]
	at net.minecraft.commands.execution.tasks.ExecuteCommand.execute(ExecuteCommand.java:13) ~[paper-1.21.10.jar:1.21.10-117-df4b668]
	at net.minecraft.commands.execution.UnboundEntryAction.lambda$bind$0(UnboundEntryAction.java:8) ~[paper-1.21.10.jar:1.21.10-117-df4b668]
	at net.minecraft.commands.execution.CommandQueueEntry.execute(CommandQueueEntry.java:5) ~[paper-1.21.10.jar:1.21.10-117-df4b668]
	at net.minecraft.commands.execution.ExecutionContext.runCommandQueue(ExecutionContext.java:105) ~[paper-1.21.10.jar:1.21.10-117-df4b668]
	at net.minecraft.commands.Commands.executeCommandInContext(Commands.java:458) ~[paper-1.21.10.jar:1.21.10-117-df4b668]
	at net.minecraft.commands.Commands.performCommand(Commands.java:364) ~[paper-1.21.10.jar:1.21.10-117-df4b668]
	at net.minecraft.commands.Commands.performCommand(Commands.java:352) ~[paper-1.21.10.jar:1.21.10-117-df4b668]
	at net.minecraft.server.network.ServerGamePacketListenerImpl.performUnsignedChatCommand(ServerGamePacketListenerImpl.java:2321) ~[paper-1.21.10.jar:1.21.10-117-df4b668]
	at net.minecraft.server.network.ServerGamePacketListenerImpl.lambda$handleChatCommand$12(ServerGamePacketListenerImpl.java:2294) ~[paper-1.21.10.jar:1.21.10-117-df4b668]
	at net.minecraft.server.TickTask.run(TickTask.java:18) ~[paper-1.21.10.jar:1.21.10-117-df4b668]
	at net.minecraft.util.thread.BlockableEventLoop.doRunTask(BlockableEventLoop.java:176) ~[paper-1.21.10.jar:1.21.10-117-df4b668]
	at net.minecraft.util.thread.ReentrantBlockableEventLoop.doRunTask(ReentrantBlockableEventLoop.java:24) ~[paper-1.21.10.jar:1.21.10-117-df4b668]
	at net.minecraft.server.MinecraftServer.doRunTask(MinecraftServer.java:1537) ~[paper-1.21.10.jar:1.21.10-117-df4b668]
	at net.minecraft.server.MinecraftServer.doRunTask(MinecraftServer.java:180) ~[paper-1.21.10.jar:1.21.10-117-df4b668]
	at net.minecraft.util.thread.BlockableEventLoop.pollTask(BlockableEventLoop.java:150) ~[paper-1.21.10.jar:1.21.10-117-df4b668]
	at net.minecraft.server.MinecraftServer.pollTaskInternal(MinecraftServer.java:1517) ~[paper-1.21.10.jar:1.21.10-117-df4b668]
	at net.minecraft.server.MinecraftServer.pollTask(MinecraftServer.java:1511) ~[paper-1.21.10.jar:1.21.10-117-df4b668]
	at net.minecraft.server.MinecraftServer.recordTaskExecutionTimeWhileWaiting(MinecraftServer.java:1229) ~[paper-1.21.10.jar:1.21.10-117-df4b668]
	at net.minecraft.server.MinecraftServer.runServer(MinecraftServer.java:1352) ~[paper-1.21.10.jar:1.21.10-117-df4b668]
	at net.minecraft.server.MinecraftServer.lambda$spin$2(MinecraftServer.java:384) ~[paper-1.21.10.jar:1.21.10-117-df4b668]
	at java.base/java.lang.Thread.run(Thread.java:1583) ~[?:?]
Caused by: java.lang.IllegalStateException: zip file closed
	at java.base/java.util.zip.ZipFile.ensureOpen(ZipFile.java:846) ~[?:?]
	at java.base/java.util.zip.ZipFile.getEntry(ZipFile.java:338) ~[?:?]
	at java.base/java.util.jar.JarFile.getEntry(JarFile.java:517) ~[?:?]
	at java.base/java.util.jar.JarFile.getJarEntry(JarFile.java:472) ~[?:?]
	at org.bukkit.plugin.java.PluginClassLoader.findClass(PluginClassLoader.java:223) ~[paper-api-1.21.10-R0.1-SNAPSHOT.jar:?]
	... 30 more
